path,timestamp_ms,status_code,error,wall_ms,engine,auto_routed,preprocess_ms,inference_ms,postprocess_ms,num_detections
../../val2017/000000002157.jpg,1789050388214,200,,56.28,yolo26n_int8,true,22.01,9.20,0.01,7
../../val2017/000000001818.jpg,1789050388224,200,,65.63,yolo26m_fp16,true,20.70,17.82,0.01,2
../../val2017/000000002299.jpg,1789050388252,200,,36.94,yolo26n_int8,true,19.69,6.31,0.01,9
../../val2017/000000002587.jpg,1789050388287,200,,63.22,yolo26m_fp16,true,24.30,16.04,0.01,2
../../val2017/000000003501.jpg,1789050388290,200,,37.68,yolo26n_int8,true,15.49,6.19,0.01,4
../../val2017/000000005193.jpg,1789050388329,200,,38.41,yolo26n_int8,true,14.21,11.64,0.01,8
../../val2017/000000004795.jpg,1789050388336,200,,48.64,yolo26m_fp16,true,12.36,21.52,0.01,5
../../val2017/000000005477.jpg,1789050388370,200,,40.45,yolo26m_fp16,true,12.00,15.57,0.01,2
../../val2017/000000005992.jpg,1789050388375,200,,38.62,yolo26n_int8,true,15.05,6.57,0.01,5
../../val2017/000000006471.jpg,1789050388414,200,,44.30,yolo26m_fp16,true,13.37,20.71,0.01,18
../../val2017/000000006771.jpg,1789050388415,200,,39.72,yolo26n_int8,true,13.94,11.99,0.00,7
../../val2017/000000008629.jpg,1789050388461,200,,45.42,yolo26n_int8,true,13.65,13.09,0.01,9
../../val2017/000000007991.jpg,1789050388466,200,,51.41,yolo26m_fp16,true,12.82,21.54,0.01,5
../../val2017/000000008844.jpg,1789050388500,200,,34.01,yolo26n_int8,true,12.89,8.83,0.01,3
../../val2017/000000008690.jpg,1789050388513,200,,52.54,yolo26m_fp16,true,12.89,17.76,0.01,9
../../val2017/000000009891.jpg,1789050388543,200,,42.89,yolo26m_fp16,true,13.56,15.24,0.01,13
../../val2017/000000009914.jpg,1789050388550,200,,36.15,yolo26n_int8,true,13.69,6.16,0.01,3
../../val2017/000000010583.jpg,1789050388594,200,,42.97,yolo26n_int8,true,13.93,10.82,0.01,2
../../val2017/000000010092.jpg,1789050388595,200,,51.28,yolo26m_fp16,true,15.36,20.37,0.01,4
../../val2017/000000010977.jpg,1789050388627,200,,32.27,yolo26n_int8,true,13.56,6.36,0.01,2
../../val2017/000000010764.jpg,1789050388649,200,,54.90,yolo26m_fp16,true,16.76,14.85,0.01,2
../../val2017/000000010995.jpg,1789050388673,200,,44.96,yolo26m_fp16,true,15.93,15.07,0.01,2
../../val2017/000000011511.jpg,1789050388695,200,,45.25,yolo26n_int8,true,17.33,6.33,0.01,6
../../val2017/000000011615.jpg,1789050388723,200,,50.38,yolo26m_fp16,true,17.88,15.37,0.01,0
../../val2017/000000012280.jpg,1789050388735,200,,39.26,yolo26n_int8,true,13.38,6.40,0.01,2
../../val2017/000000013201.jpg,1789050388775,200,,39.99,yolo26n_int8,true,10.94,11.77,0.01,2
../../val2017/000000013004.jpg,1789050388780,200,,55.93,yolo26m_fp16,true,17.49,21.72,0.02,1
../../val2017/000000013546.jpg,1789050388833,200,,53.02,yolo26n_int8,true,21.46,12.64,0.01,4
../../val2017/000000013291.jpg,1789050388838,200,,62.19,yolo26m_fp16,true,22.55,21.42,0.01,8
../../val2017/000000013597.jpg,1789050388888,200,,55.19,yolo26m_fp16,true,17.54,20.69,0.01,3
../../val2017/000000014226.jpg,1789050388889,200,,51.17,yolo26n_int8,true,19.83,11.44,0.01,3
../../val2017/000000015079.jpg,1789050388930,200,,40.86,yolo26n_int8,true,15.55,6.38,0.01,2
../../val2017/000000014888.jpg,1789050388955,200,,65.96,yolo26m_fp16,true,21.17,14.75,0.01,5
../../val2017/000000015597.jpg,1789050388981,200,,50.81,yolo26m_fp16,true,15.47,14.83,0.01,2
../../val2017/000000015746.jpg,1789050388989,200,,34.10,yolo26n_int8,true,9.93,6.44,0.01,1
../../val2017/000000016958.jpg,1789050389024,200,,33.98,yolo26n_int8,true,8.69,11.74,0.01,5
../../val2017/000000015956.jpg,1789050389033,200,,51.51,yolo26m_fp16,true,12.91,20.22,0.01,3
../../val2017/000000017182.jpg,1789050389065,200,,40.77,yolo26m_fp16,true,12.50,15.06,0.01,7
../../val2017/000000017714.jpg,1789050389073,200,,38.94,yolo26n_int8,true,14.71,6.30,0.01,3
../../val2017/000000017959.jpg,1789050389112,200,,39.52,yolo26n_int8,true,12.04,11.36,0.01,4
../../val2017/000000017905.jpg,1789050389124,200,,59.02,yolo26m_fp16,true,16.39,18.90,0.01,2
../../val2017/000000020059.jpg,1789050389173,200,,49.15,yolo26n_int8,true,13.07,12.07,0.01,3
../../val2017/000000019432.jpg,1789050389177,200,,64.22,yolo26m_fp16,true,20.80,21.29,0.01,17
../../val2017/000000020571.jpg,1789050389223,200,,45.94,yolo26n_int8,true,10.23,12.95,0.01,4
../../val2017/000000020333.jpg,1789050389231,200,,56.80,yolo26m_fp16,true,17.84,21.82,0.01,4
../../val2017/000000022705.jpg,1789050389265,200,,33.55,yolo26n_int8,true,9.41,12.81,0.01,5
../../val2017/000000022192.jpg,1789050389273,200,,48.78,yolo26m_fp16,true,11.84,21.43,0.01,2
../../val2017/000000023781.jpg,1789050389315,200,,42.38,yolo26n_int8,true,17.66,6.35,0.01,5
../../val2017/000000023230.jpg,1789050389328,200,,62.79,yolo26m_fp16,true,16.40,15.06,0.01,4
../../val2017/000000025096.jpg,1789050389367,200,,51.52,yolo26m_fp16,true,17.12,18.03,0.01,6
../../val2017/000000025139.jpg,1789050389368,200,,39.16,yolo26n_int8,true,14.71,9.44,0.01,1
../../val2017/000000025593.jpg,1789050389424,200,,56.33,yolo26n_int8,true,10.99,11.78,0.01,1
../../val2017/000000025181.jpg,1789050389429,200,,61.76,yolo26m_fp16,true,17.98,21.25,0.03,4
../../val2017/000000027982.jpg,1789050389464,200,,34.30,yolo26n_int8,true,15.15,6.21,0.01,2
../../val2017/000000027696.jpg,1789050389489,200,,63.81,yolo26m_fp16,true,21.68,15.22,0.01,3
../../val2017/000000029640.jpg,1789050389520,200,,55.93,yolo26m_fp16,true,20.70,14.95,0.02,31
../../val2017/000000030828.jpg,1789050389539,200,,49.75,yolo26n_int8,true,18.64,6.23,0.01,4
../../val2017/000000031050.jpg,1789050389578,200,,57.10,yolo26m_fp16,true,18.07,15.22,0.01,4
../../val2017/000000031322.jpg,1789050389587,200,,47.41,yolo26n_int8,true,15.39,6.34,0.01,7
../../val2017/000000031620.jpg,1789050389629,200,,51.31,yolo26m_fp16,true,14.56,20.72,0.01,9
../../val2017/000000031817.jpg,1789050389630,200,,42.90,yolo26n_int8,true,14.38,11.35,0.01,3
../../val2017/000000032285.jpg,1789050389669,200,,38.71,yolo26n_int8,true,14.08,11.56,0.01,1
../../val2017/000000032081.jpg,1789050389678,200,,48.11,yolo26m_fp16,true,14.65,19.87,0.01,2
../../val2017/000000032811.jpg,1789050389716,200,,46.80,yolo26m_fp16,true,13.32,20.33,0.01,1
../../val2017/000000032817.jpg,1789050389718,200,,39.31,yolo26n_int8,true,14.35,10.17,0.01,6
../../val2017/000000033005.jpg,1789050389757,200,,39.06,yolo26n_int8,true,12.79,11.74,0.01,2
../../val2017/000000032861.jpg,1789050389766,200,,50.12,yolo26m_fp16,true,14.22,19.74,0.01,2
../../val2017/000000033854.jpg,1789050389806,200,,39.12,yolo26n_int8,true,11.42,12.18,0.01,14
../../val2017/000000033104.jpg,1789050389810,200,,52.56,yolo26m_fp16,true,14.34,21.56,0.01,5
../../val2017/000000035279.jpg,1789050389854,200,,44.17,yolo26n_int8,true,11.22,13.05,0.01,5
../../val2017/000000034071.jpg,1789050389856,200,,50.16,yolo26m_fp16,true,16.69,21.31,0.01,3
../../val2017/000000035770.jpg,1789050389888,200,,31.81,yolo26n_int8,true,10.83,6.38,0.01,0
../../val2017/000000035682.jpg,1789050389911,200,,55.81,yolo26m_fp16,true,18.00,14.77,0.01,15
../../val2017/000000037740.jpg,1789050389944,200,,55.09,yolo26m_fp16,true,19.21,15.59,0.01,10
../../val2017/000000038678.jpg,1789050389949,200,,37.62,yolo26n_int8,true,11.45,6.21,0.01,6
../../val2017/000000039551.jpg,1789050389987,200,,37.73,yolo26n_int8,true,9.98,11.59,0.01,3
../../val2017/000000039477.jpg,1789050390000,200,,55.61,yolo26m_fp16,true,14.81,18.82,0.01,11
../../val2017/000000042296.jpg,1789050390038,200,,37.68,yolo26n_int8,true,9.04,12.70,0.01,5
../../val2017/000000041888.jpg,1789050390046,200,,58.57,yolo26m_fp16,true,12.54,21.81,0.01,4
../../val2017/000000042563.jpg,1789050390093,200,,54.21,yolo26m_fp16,true,17.44,14.85,0.01,1
../../val2017/000000042888.jpg,1789050390106,200,,59.53,yolo26n_int8,true,26.27,6.45,0.01,0
../../val2017/000000044652.jpg,1789050390151,200,,57.56,yolo26m_fp16,true,25.33,15.46,0.01,1
../../val2017/000000045070.jpg,1789050390168,200,,61.92,yolo26n_int8,true,16.88,6.48,0.01,1
../../val2017/000000046497.jpg,1789050390208,200,,39.54,yolo26n_int8,true,14.69,11.47,0.01,3
../../val2017/000000045472.jpg,1789050390218,200,,66.97,yolo26m_fp16,true,18.37,20.53,0.01,15
../../val2017/000000049269.jpg,1789050390257,200,,38.53,yolo26n_int8,true,13.24,12.70,0.01,2
../../val2017/000000047585.jpg,1789050390261,200,,52.70,yolo26m_fp16,true,12.73,21.51,0.01,8
../../val2017/000000050828.jpg,1789050390295,200,,33.55,yolo26n_int8,true,10.29,8.91,0.01,3
../../val2017/000000050638.jpg,1789050390307,200,,50.09,yolo26m_fp16,true,14.18,16.93,0.01,2
../../val2017/000000051961.jpg,1789050390354,200,,46.17,yolo26n_int8,true,15.59,11.81,0.01,1
../../val2017/000000050844.jpg,1789050390357,200,,61.62,yolo26m_fp16,true,21.92,21.09,0.01,3
../../val2017/000000053909.jpg,1789050390400,200,,42.35,yolo26n_int8,true,14.45,11.48,0.01,3
../../val2017/000000052462.jpg,1789050390410,200,,55.73,yolo26m_fp16,true,16.05,19.82,0.01,2
../../val2017/000000054967.jpg,1789050390447,200,,36.99,yolo26n_int8,true,14.84,6.28,0.01,12
../../val2017/000000054605.jpg,1789050390463,200,,62.81,yolo26m_fp16,true,24.94,14.88,0.02,16
../../val2017/000000055950.jpg,1789050390494,200,,45.73,yolo26m_fp16,true,12.33,18.11,0.01,3
../../val2017/000000057150.jpg,1789050390497,200,,33.11,yolo26n_int8,true,14.37,9.67,0.01,10
../../val2017/000000057760.jpg,1789050390536,200,,38.89,yolo26n_int8,true,14.94,11.85,0.01,11
../../val2017/000000057672.jpg,1789050390545,200,,51.20,yolo26m_fp16,true,13.98,20.84,0.03,23
../../val2017/000000058655.jpg,1789050390582,200,,36.13,yolo26n_int8,true,9.31,11.53,0.01,1
../../val2017/000000058384.jpg,1789050390588,200,,51.44,yolo26m_fp16,true,12.62,21.46,0.01,3
../../val2017/000000060835.jpg,1789050390642,200,,53.81,yolo26n_int8,true,16.14,12.82,0.01,1
../../val2017/000000060823.jpg,1789050390643,200,,60.95,yolo26m_fp16,true,15.67,21.28,0.01,29
../../val2017/000000061333.jpg,1789050390686,200,,42.91,yolo26n_int8,true,16.50,6.62,0.01,2
../../val2017/000000061108.jpg,1789050390699,200,,56.71,yolo26m_fp16,true,19.21,15.07,0.01,5
../../val2017/000000061747.jpg,1789050390738,200,,37.98,yolo26n_int8,true,8.56,10.84,0.00,2
../../val2017/000000061418.jpg,1789050390738,200,,51.57,yolo26m_fp16,true,14.82,20.48,0.01,15
../../val2017/000000063047.jpg,1789050390775,200,,36.57,yolo26n_int8,true,9.70,6.20,0.01,4
../../val2017/000000062025.jpg,1789050390797,200,,59.30,yolo26m_fp16,true,23.65,15.32,0.01,4
../../val2017/000000063552.jpg,1789050390821,200,,45.00,yolo26m_fp16,true,12.95,14.91,0.01,2
../../val2017/000000064462.jpg,1789050390824,200,,26.31,yolo26n_int8,true,10.38,6.28,0.01,2
../../val2017/000000064523.jpg,1789050390880,200,,55.50,yolo26n_int8,true,19.35,11.72,0.01,14
../../val2017/000000064499.jpg,1789050390889,200,,67.96,yolo26m_fp16,true,19.67,21.06,0.01,1
../../val2017/000000065350.jpg,1789050390938,200,,49.27,yolo26n_int8,true,17.77,12.27,0.01,6
../../val2017/000000064718.jpg,1789050390941,200,,60.48,yolo26m_fp16,true,17.30,21.14,0.01,3
../../val2017/000000066038.jpg,1789050390991,200,,49.52,yolo26n_int8,true,12.47,11.86,0.01,12
../../val2017/000000065455.jpg,1789050391001,200,,62.02,yolo26m_fp16,true,19.52,21.38,0.01,10
../../val2017/000000066523.jpg,1789050391038,200,,47.14,yolo26m_fp16,true,13.35,20.37,0.01,1
../../val2017/000000066706.jpg,1789050391038,200,,36.73,yolo26n_int8,true,9.29,10.99,0.01,3
../../val2017/000000066841.jpg,1789050391067,200,,28.52,yolo26n_int8,true,10.66,6.35,0.01,0
../../val2017/000000067310.jpg,1789050391083,200,,44.40,yolo26m_fp16,true,14.80,14.84,0.01,5
../../val2017/000000068093.jpg,1789050391126,200,,42.84,yolo26n_int8,true,9.71,11.48,0.01,4
../../val2017/000000067616.jpg,1789050391138,200,,69.94,yolo26m_fp16,true,19.99,19.68,0.01,19
../../val2017/000000068286.jpg,1789050391176,200,,49.42,yolo26m_fp16,true,14.26,18.19,0.01,1
../../val2017/000000068833.jpg,1789050391177,200,,39.45,yolo26n_int8,true,10.73,9.35,0.01,6
../../val2017/000000070048.jpg,1789050391217,200,,39.18,yolo26n_int8,true,9.62,13.29,0.01,5
../../val2017/000000069138.jpg,1789050391223,200,,46.33,yolo26m_fp16,true,12.33,21.55,0.01,2
../../val2017/000000071451.jpg,1789050391261,200,,38.33,yolo26n_int8,true,13.48,12.02,0.01,1
../../val2017/000000070774.jpg,1789050391269,200,,51.43,yolo26m_fp16,true,13.82,21.76,0.01,1
../../val2017/000000074646.jpg,1789050391304,200,,34.60,yolo26n_int8,true,9.87,11.99,0.01,6
../../val2017/000000073153.jpg,1789050391309,200,,47.55,yolo26m_fp16,true,13.54,21.46,0.01,1
../../val2017/000000076547.jpg,1789050391367,200,,57.23,yolo26n_int8,true,17.49,12.73,0.01,5
../../val2017/000000076416.jpg,1789050391374,200,,69.41,yolo26m_fp16,true,17.92,21.18,0.01,4
../../val2017/000000076731.jpg,1789050391424,200,,49.63,yolo26n_int8,true,18.44,13.17,0.01,0
../../val2017/000000076625.jpg,1789050391429,200,,61.77,yolo26m_fp16,true,18.11,22.00,0.08,12
../../val2017/000000078420.jpg,1789050391465,200,,35.85,yolo26n_int8,true,10.35,12.60,0.01,3
../../val2017/000000077460.jpg,1789050391473,200,,48.95,yolo26m_fp16,true,13.96,21.56,0.01,25
../../val2017/000000078426.jpg,1789050391514,200,,48.72,yolo26m_fp16,true,17.46,17.71,0.01,1
../../val2017/000000078823.jpg,1789050391517,200,,43.48,yolo26n_int8,true,15.88,8.30,0.01,4
../../val2017/000000078959.jpg,1789050391570,200,,55.48,yolo26m_fp16,true,15.35,20.58,0.01,1
../../val2017/000000079031.jpg,1789050391571,200,,53.76,yolo26n_int8,true,17.81,11.36,0.01,2
../../val2017/000000079588.jpg,1789050391620,200,,49.04,yolo26n_int8,true,15.75,12.49,0.01,5
../../val2017/000000079565.jpg,1789050391625,200,,54.60,yolo26m_fp16,true,19.56,21.68,0.01,2
../../val2017/000000080274.jpg,1789050391677,200,,52.15,yolo26n_int8,true,14.39,13.55,0.01,2
../../val2017/000000079837.jpg,1789050391683,200,,61.90,yolo26m_fp16,true,21.34,21.84,0.02,8
../../val2017/000000080949.jpg,1789050391718,200,,34.60,yolo26n_int8,true,13.89,6.20,0.01,2
../../val2017/000000080932.jpg,1789050391736,200,,58.68,yolo26m_fp16,true,18.79,14.78,0.01,8
../../val2017/000000082807.jpg,1789050391775,200,,38.07,yolo26n_int8,true,13.49,10.99,0.00,2
../../val2017/000000081738.jpg,1789050391775,200,,57.19,yolo26m_fp16,true,13.58,20.61,0.01,5
../../val2017/000000083540.jpg,1789050391813,200,,37.29,yolo26n_int8,true,13.49,6.27,0.01,1
../../val2017/000000082812.jpg,1789050391839,200,,64.09,yolo26m_fp16,true,23.60,15.48,0.01,20
../../val2017/000000085089.jpg,1789050391879,200,,39.82,yolo26n_int8,true,12.73,12.74,0.01,4
../../val2017/000000084664.jpg,1789050391882,200,,68.55,yolo26m_fp16,true,21.88,21.39,0.01,4
../../val2017/000000085329.jpg,1789050391926,200,,46.03,yolo26m_fp16,true,13.39,20.38,0.01,2
../../val2017/000000085823.jpg,1789050391928,200,,45.29,yolo26n_int8,true,13.93,10.54,0.00,3
../../val2017/000000087476.jpg,1789050391968,200,,39.78,yolo26n_int8,true,12.66,11.95,0.01,11
../../val2017/000000087244.jpg,1789050391973,200,,47.40,yolo26m_fp16,true,13.28,21.45,0.01,2
../../val2017/000000087875.jpg,1789050392013,200,,39.34,yolo26n_int8,true,9.57,12.29,0.01,1
../../val2017/000000087742.jpg,1789050392014,200,,45.73,yolo26m_fp16,true,12.91,21.56,0.01,3
../../val2017/000000088265.jpg,1789050392058,200,,43.92,yolo26n_int8,true,10.84,6.31,0.01,1
../../val2017/000000088250.jpg,1789050392075,200,,61.49,yolo26m_fp16,true,21.08,14.84,0.01,2
../../val2017/000000089045.jpg,1789050392119,200,,43.20,yolo26n_int8,true,14.64,12.87,0.01,2
../../val2017/000000088432.jpg,1789050392126,200,,67.18,yolo26m_fp16,true,23.19,21.56,0.01,4
../../val2017/000000089880.jpg,1789050392169,200,,50.49,yolo26m_fp16,true,18.90,18.02,0.01,2
../../val2017/000000090155.jpg,1789050392172,200,,45.78,yolo26n_int8,true,14.69,7.47,0.01,1
../../val2017/000000090956.jpg,1789050392214,200,,41.74,yolo26n_int8,true,15.30,8.91,0.01,1
../../val2017/000000090631.jpg,1789050392224,200,,54.27,yolo26m_fp16,true,21.15,16.06,0.01,1
../../val2017/000000092177.jpg,1789050392270,200,,45.99,yolo26n_int8,true,15.42,12.49,0.01,1
../../val2017/000000091495.jpg,1789050392275,200,,60.69,yolo26m_fp16,true,18.91,21.72,0.01,4
../../val2017/000000093261.jpg,1789050392316,200,,40.28,yolo26n_int8,true,14.56,11.90,0.01,3
../../val2017/000000092660.jpg,1789050392325,200,,54.64,yolo26m_fp16,true,13.85,20.77,0.01,9
../../val2017/000000094336.jpg,1789050392357,200,,31.36,yolo26n_int8,true,14.03,6.20,0.01,3
../../val2017/000000094185.jpg,1789050392382,200,,65.59,yolo26m_fp16,true,22.20,15.65,0.02,11
../../val2017/000000094614.jpg,1789050392395,200,,37.50,yolo26m_fp16,true,13.24,14.75,0.01,2
../../val2017/000000094852.jpg,1789050392429,200,,46.94,yolo26n_int8,true,14.38,6.32,0.01,1
../../val2017/000000095899.jpg,1789050392446,200,,50.46,yolo26m_fp16,true,14.57,15.38,0.01,1
../../val2017/000000096001.jpg,1789050392464,200,,34.39,yolo26n_int8,true,12.62,6.47,0.01,0
../../val2017/000000096549.jpg,1789050392485,200,,38.40,yolo26m_fp16,true,13.08,15.15,0.01,1
../../val2017/000000096825.jpg,1789050392503,200,,39.22,yolo26n_int8,true,13.33,6.25,0.01,1
../../val2017/000000097230.jpg,1789050392528,200,,42.54,yolo26m_fp16,true,11.68,14.89,0.01,2
../../val2017/000000097278.jpg,1789050392535,200,,31.31,yolo26n_int8,true,12.92,6.33,0.01,1
../../val2017/000000097994.jpg,1789050392574,200,,38.01,yolo26n_int8,true,13.29,11.29,0.01,8
../../val2017/000000097585.jpg,1789050392580,200,,52.34,yolo26m_fp16,true,12.15,21.29,0.04,10
../../val2017/000000098497.jpg,1789050392615,200,,34.59,yolo26n_int8,true,8.81,13.66,0.01,1
../../val2017/000000098287.jpg,1789050392623,200,,48.75,yolo26m_fp16,true,12.95,21.61,0.01,10
../../val2017/000000099182.jpg,1789050392660,200,,37.51,yolo26n_int8,true,14.59,11.18,0.01,2
../../val2017/000000098520.jpg,1789050392665,200,,49.21,yolo26m_fp16,true,11.69,21.34,0.01,3
../../val2017/000000100510.jpg,1789050392704,200,,39.18,yolo26n_int8,true,14.24,11.70,0.01,4
../../val2017/000000099428.jpg,1789050392713,200,,51.99,yolo26m_fp16,true,13.01,21.30,0.01,3
../../val2017/000000102331.jpg,1789050392752,200,,39.00,yolo26n_int8,true,14.81,11.46,0.01,2
../../val2017/000000101068.jpg,1789050392759,200,,54.13,yolo26m_fp16,true,13.59,21.21,0.01,2
../../val2017/000000104424.jpg,1789050392805,200,,45.64,yolo26n_int8,true,14.66,13.09,0.01,2
../../val2017/000000103585.jpg,1789050392806,200,,53.18,yolo26m_fp16,true,16.66,21.44,0.01,5
../../val2017/000000108253.jpg,1789050392847,200,,40.77,yolo26n_int8,true,13.89,6.31,0.01,6
../../val2017/000000105455.jpg,1789050392870,200,,65.36,yolo26m_fp16,true,23.83,14.95,0.01,6
../../val2017/000000108440.jpg,1789050392896,200,,48.72,yolo26m_fp16,true,16.26,14.78,0.01,1
../../val2017/000000108864.jpg,1789050392905,200,,34.61,yolo26n_int8,true,13.19,6.32,0.01,2
../../val2017/000000109798.jpg,1789050392939,200,,42.12,yolo26m_fp16,true,13.91,15.42,0.01,3
../../val2017/000000109916.jpg,1789050392945,200,,39.22,yolo26n_int8,true,14.09,6.17,0.01,3
../../val2017/000000110211.jpg,1789050392985,200,,46.18,yolo26m_fp16,true,14.47,14.73,0.01,6
../../val2017/000000110784.jpg,1789050393000,200,,54.67,yolo26n_int8,true,17.29,6.58,0.01,3
../../val2017/000000111951.jpg,1789050393030,200,,43.68,yolo26m_fp16,true,14.32,14.75,0.01,5
../../val2017/000000112997.jpg,1789050393040,200,,39.91,yolo26n_int8,true,15.00,6.34,0.01,2
../../val2017/000000113589.jpg,1789050393082,200,,41.38,yolo26n_int8,true,12.64,10.54,0.01,7
../../val2017/000000113235.jpg,1789050393082,200,,52.29,yolo26m_fp16,true,14.38,20.01,0.01,5
../../val2017/000000114770.jpg,1789050393121,200,,37.49,yolo26n_int8,true,11.70,6.31,0.01,1
../../val2017/000000113867.jpg,1789050393137,200,,54.51,yolo26m_fp16,true,13.92,15.16,0.01,1
../../val2017/000000117914.jpg,1789050393169,200,,31.98,yolo26n_int8,true,10.42,11.84,0.01,1
../../val2017/000000116206.jpg,1789050393175,200,,54.09,yolo26m_fp16,true,13.73,21.90,0.01,2
../../val2017/000000118405.jpg,1789050393213,200,,37.62,yolo26n_int8,true,8.97,12.70,0.01,0
../../val2017/000000118209.jpg,1789050393222,200,,52.47,yolo26m_fp16,true,13.18,21.60,0.01,2
../../val2017/000000119233.jpg,1789050393257,200,,34.54,yolo26n_int8,true,11.93,11.79,0.01,3
../../val2017/000000118594.jpg,1789050393268,200,,54.70,yolo26m_fp16,true,15.98,21.31,0.01,4
../../val2017/000000119641.jpg,1789050393308,200,,39.90,yolo26n_int8,true,11.00,11.31,0.01,17
../../val2017/000000119516.jpg,1789050393312,200,,54.42,yolo26m_fp16,true,15.32,21.58,0.01,6
../../val2017/000000119911.jpg,1789050393348,200,,35.61,yolo26n_int8,true,10.10,8.88,0.01,6
../../val2017/000000119677.jpg,1789050393361,200,,51.52,yolo26m_fp16,true,15.42,16.93,0.01,4
../../val2017/000000123213.jpg,1789050393393,200,,32.41,yolo26n_int8,true,8.84,12.86,0.01,9
../../val2017/000000120584.jpg,1789050393397,200,,49.01,yolo26m_fp16,true,12.72,21.48,0.01,1
../../val2017/000000123585.jpg,1789050393440,200,,42.79,yolo26n_int8,true,9.95,12.48,0.01,4
../../val2017/000000123480.jpg,1789050393442,200,,48.20,yolo26m_fp16,true,15.06,21.25,0.01,5
../../val2017/000000124798.jpg,1789050393490,200,,47.76,yolo26n_int8,true,15.98,11.64,0.01,10
../../val2017/000000124636.jpg,1789050393499,200,,58.08,yolo26m_fp16,true,17.00,18.65,0.01,2
../../val2017/000000125257.jpg,1789050393543,200,,44.12,yolo26n_int8,true,14.46,10.51,0.01,2
../../val2017/000000125062.jpg,1789050393544,200,,53.93,yolo26m_fp16,true,13.74,20.48,0.01,10
../../val2017/000000126107.jpg,1789050393584,200,,39.41,yolo26n_int8,true,15.99,6.24,0.01,5
../../val2017/000000125936.jpg,1789050393597,200,,53.49,yolo26m_fp16,true,20.88,14.80,0.01,18
../../val2017/000000128051.jpg,1789050393640,200,,41.98,yolo26n_int8,true,14.94,12.44,0.01,2
../../val2017/000000127135.jpg,1789050393643,200,,58.84,yolo26m_fp16,true,12.90,21.46,0.01,1
../../val2017/000000129135.jpg,1789050393695,200,,51.58,yolo26n_int8,true,14.74,13.17,0.01,2
../../val2017/000000128699.jpg,1789050393699,200,,59.35,yolo26m_fp16,true,19.69,21.55,0.02,14
../../val2017/000000130579.jpg,1789050393737,200,,37.40,yolo26n_int8,true,12.69,13.43,0.01,2
../../val2017/000000130386.jpg,1789050393745,200,,49.72,yolo26m_fp16,true,13.84,21.97,0.01,12
../../val2017/000000131379.jpg,1789050393792,200,,45.77,yolo26n_int8,true,13.50,11.39,0.01,1
../../val2017/000000130826.jpg,1789050393793,200,,56.12,yolo26m_fp16,true,17.32,21.60,0.01,8
../../val2017/000000132622.jpg,1789050393836,200,,41.80,yolo26n_int8,true,10.92,8.88,0.01,1
../../val2017/000000131938.jpg,1789050393848,200,,55.64,yolo26m_fp16,true,16.24,15.74,0.01,1
../../val2017/000000132931.jpg,1789050393900,200,,64.30,yolo26m_fp16,true,22.62,17.77,0.01,3
../../val2017/000000133000.jpg,1789050393901,200,,53.21,yolo26n_int8,true,18.25,9.28,0.01,2
../../val2017/000000133343.jpg,1789050393941,200,,39.45,yolo26n_int8,true,16.34,11.75,0.01,2
../../val2017/000000133233.jpg,1789050393950,200,,49.08,yolo26m_fp16,true,14.25,20.14,0.01,3
../../val2017/000000133969.jpg,1789050393999,200,,48.88,yolo26n_int8,true,16.05,11.45,0.01,11
../../val2017/000000133645.jpg,1789050394000,200,,58.31,yolo26m_fp16,true,15.53,21.47,0.01,5
../../val2017/000000134112.jpg,1789050394041,200,,40.90,yolo26n_int8,true,15.34,11.50,0.01,2
../../val2017/000000134096.jpg,1789050394049,200,,49.70,yolo26m_fp16,true,13.25,18.95,0.01,4
../../val2017/000000134856.jpg,1789050394088,200,,46.65,yolo26m_fp16,true,13.20,20.37,0.01,6
../../val2017/000000134886.jpg,1789050394089,200,,39.02,yolo26n_int8,true,13.59,11.49,0.00,4
../../val2017/000000135561.jpg,1789050394129,200,,40.41,yolo26n_int8,true,13.42,13.06,0.01,2
../../val2017/000000137106.jpg,1789050394133,200,,44.36,yolo26m_fp16,true,11.90,22.01,0.01,2
../../val2017/000000138492.jpg,1789050394175,200,,41.02,yolo26n_int8,true,13.13,12.77,0.01,2
../../val2017/000000137294.jpg,1789050394181,200,,51.65,yolo26m_fp16,true,12.68,21.91,0.01,2
../../val2017/000000139077.jpg,1789050394208,200,,26.59,yolo26n_int8,true,9.62,6.36,0.01,2
../../val2017/000000138856.jpg,1789050394225,200,,50.00,yolo26m_fp16,true,12.69,15.08,0.01,1
../../val2017/000000140076.jpg,1789050394255,200,,46.35,yolo26m_fp16,true,13.14,17.91,0.01,17
../../val2017/000000140203.jpg,1789050394255,200,,30.09,yolo26n_int8,true,9.26,8.78,0.01,3
../../val2017/000000140556.jpg,1789050394296,200,,40.14,yolo26n_int8,true,9.17,12.88,0.01,4
../../val2017/000000140270.jpg,1789050394305,200,,49.29,yolo26m_fp16,true,13.72,21.41,0.01,2
../../val2017/000000140840.jpg,1789050394339,200,,42.66,yolo26m_fp16,true,13.13,15.27,0.01,13
../../val2017/000000141328.jpg,1789050394344,200,,39.10,yolo26n_int8,true,14.09,6.58,0.01,4
../../val2017/000000143068.jpg,1789050394376,200,,31.94,yolo26n_int8,true,14.30,6.43,0.01,5
../../val2017/000000142092.jpg,1789050394389,200,,49.77,yolo26m_fp16,true,14.40,14.40,0.01,3
../../val2017/000000143961.jpg,1789050394425,200,,47.90,yolo26m_fp16,true,13.48,18.30,0.01,21
../../val2017/000000144003.jpg,1789050394426,200,,36.66,yolo26n_int8,true,15.72,9.30,0.01,7
../../val2017/000000144798.jpg,1789050394465,200,,38.92,yolo26n_int8,true,12.69,12.40,0.01,1
../../val2017/000000144784.jpg,1789050394472,200,,46.52,yolo26m_fp16,true,14.22,21.58,0.01,1
../../val2017/000000146358.jpg,1789050394507,200,,34.84,yolo26n_int8,true,8.90,13.17,0.01,4
../../val2017/000000145620.jpg,1789050394514,200,,48.48,yolo26m_fp16,true,11.62,21.22,0.01,4
../../val2017/000000146489.jpg,1789050394556,200,,40.62,yolo26n_int8,true,10.30,12.78,0.01,4
../../val2017/000000146457.jpg,1789050394560,200,,52.73,yolo26m_fp16,true,14.86,21.08,0.02,12
../../val2017/000000146667.jpg,1789050394596,200,,35.88,yolo26n_int8,true,9.20,6.23,0.01,12
../../val2017/000000146498.jpg,1789050394617,200,,60.62,yolo26m_fp16,true,18.28,15.09,0.01,1
../../val2017/000000147415.jpg,1789050394649,200,,52.20,yolo26m_fp16,true,20.07,15.13,0.01,5
../../val2017/000000147498.jpg,1789050394653,200,,35.89,yolo26n_int8,true,11.62,6.15,0.01,0
../../val2017/000000150224.jpg,1789050394682,200,,29.02,yolo26n_int8,true,10.61,6.23,0.01,8
../../val2017/000000148730.jpg,1789050394708,200,,58.53,yolo26m_fp16,true,20.53,14.70,0.01,3
../../val2017/000000150417.jpg,1789050394740,200,,57.33,yolo26m_fp16,true,15.84,17.69,0.01,10
../../val2017/000000151051.jpg,1789050394741,200,,32.59,yolo26n_int8,true,11.36,8.60,0.01,1
../../val2017/000000151657.jpg,1789050394795,200,,54.31,yolo26n_int8,true,18.91,11.70,0.01,3
../../val2017/000000151480.jpg,1789050394803,200,,62.29,yolo26m_fp16,true,18.94,18.45,0.02,15
../../val2017/000000151820.jpg,1789050394845,200,,41.84,yolo26n_int8,true,11.12,11.60,0.01,15
../../val2017/000000151662.jpg,1789050394855,200,,59.69,yolo26m_fp16,true,16.86,18.66,0.01,1
../../val2017/000000151962.jpg,1789050394908,200,,62.46,yolo26m_fp16,true,19.91,14.94,0.01,2
../../val2017/000000152214.jpg,1789050394917,200,,60.96,yolo26n_int8,true,21.40,6.17,0.01,2
../../val2017/000000152740.jpg,1789050394966,200,,49.08,yolo26n_int8,true,14.61,12.83,0.01,14
../../val2017/000000152465.jpg,1789050394974,200,,65.02,yolo26m_fp16,true,14.32,22.20,0.01,1
../../val2017/000000153299.jpg,1789050395018,200,,44.12,yolo26n_int8,true,14.78,11.58,0.01,3
../../val2017/000000152870.jpg,1789050395019,200,,52.32,yolo26m_fp16,true,12.56,21.36,0.01,2
../../val2017/000000154087.jpg,1789050395050,200,,29.73,yolo26n_int8,true,11.35,6.35,0.01,4
../../val2017/000000153632.jpg,1789050395070,200,,51.11,yolo26m_fp16,true,19.64,15.13,0.01,4
../../val2017/000000154705.jpg,1789050395104,200,,33.84,yolo26n_int8,true,10.32,10.51,0.01,5
../../val2017/000000154358.jpg,1789050395104,200,,54.30,yolo26m_fp16,true,13.68,20.39,0.01,14
../../val2017/000000155154.jpg,1789050395133,200,,28.65,yolo26n_int8,true,10.63,6.41,0.01,0
../../val2017/000000155145.jpg,1789050395153,200,,48.78,yolo26m_fp16,true,16.84,14.79,0.01,7
../../val2017/000000155443.jpg,1789050395183,200,,49.51,yolo26m_fp16,true,13.75,15.31,0.01,2
../../val2017/000000156071.jpg,1789050395188,200,,34.33,yolo26n_int8,true,9.09,6.76,0.01,8
../../val2017/000000157365.jpg,1789050395232,200,,43.62,yolo26n_int8,true,17.64,8.92,0.01,5
../../val2017/000000156292.jpg,1789050395243,200,,59.25,yolo26m_fp16,true,18.11,17.91,0.01,8
../../val2017/000000157756.jpg,1789050395279,200,,46.46,yolo26m_fp16,true,12.60,15.17,0.01,17
../../val2017/000000158548.jpg,1789050395286,200,,42.80,yolo26n_int8,true,13.53,6.21,0.01,3
../../val2017/000000159791.jpg,1789050395328,200,,41.54,yolo26n_int8,true,14.51,12.86,0.01,4
../../val2017/000000158744.jpg,1789050395335,200,,55.75,yolo26m_fp16,true,16.93,21.56,0.01,6
../../val2017/000000161799.jpg,1789050395376,200,,40.54,yolo26n_int8,true,13.38,12.79,0.01,3
../../val2017/000000159977.jpg,1789050395382,200,,53.78,yolo26m_fp16,true,12.61,21.42,0.01,3
../../val2017/000000162035.jpg,1789050395423,200,,40.71,yolo26n_int8,true,14.94,12.77,0.01,2
../../val2017/000000161820.jpg,1789050395427,200,,50.89,yolo26m_fp16,true,12.71,21.54,0.01,3
../../val2017/000000162366.jpg,1789050395469,200,,45.35,yolo26m_fp16,true,12.99,20.37,0.01,1
../../val2017/000000163290.jpg,1789050395469,200,,42.13,yolo26n_int8,true,14.72,11.19,0.00,1
../../val2017/000000163611.jpg,1789050395514,200,,44.46,yolo26n_int8,true,13.51,8.93,0.01,3
../../val2017/000000163562.jpg,1789050395527,200,,57.36,yolo26m_fp16,true,22.98,17.10,0.02,2
../../val2017/000000163682.jpg,1789050395567,200,,52.10,yolo26m_fp16,true,12.51,17.97,0.01,4
../../val2017/000000164115.jpg,1789050395568,200,,40.72,yolo26n_int8,true,14.82,8.02,0.01,1
../../val2017/000000166426.jpg,1789050395604,200,,36.06,yolo26n_int8,true,10.35,6.31,0.01,9
../../val2017/000000165351.jpg,1789050395623,200,,55.74,yolo26m_fp16,true,17.37,15.37,0.01,1
../../val2017/000000166918.jpg,1789050395663,200,,38.97,yolo26n_int8,true,9.11,12.32,0.01,14
../../val2017/000000166563.jpg,1789050395669,200,,64.36,yolo26m_fp16,true,24.30,21.55,0.01,1
../../val2017/000000169996.jpg,1789050395710,200,,40.48,yolo26n_int8,true,10.88,11.87,0.01,11
../../val2017/000000169169.jpg,1789050395722,200,,58.48,yolo26m_fp16,true,16.62,20.22,0.01,15
../../val2017/000000170595.jpg,1789050395759,200,,36.66,yolo26n_int8,true,10.36,12.69,0.01,1
../../val2017/000000170099.jpg,1789050395764,200,,54.16,yolo26m_fp16,true,13.10,21.55,0.01,3
../../val2017/000000172083.jpg,1789050395818,200,,53.45,yolo26n_int8,true,20.46,11.73,0.01,0
../../val2017/000000171740.jpg,1789050395819,200,,59.94,yolo26m_fp16,true,17.71,21.13,0.01,2
../../val2017/000000172935.jpg,1789050395863,200,,43.98,yolo26n_int8,true,23.60,6.43,0.01,1
../../val2017/000000172877.jpg,1789050395878,200,,59.89,yolo26m_fp16,true,24.33,15.07,0.01,10
../../val2017/000000173371.jpg,1789050395930,200,,66.53,yolo26m_fp16,true,24.89,15.27,0.01,11
../../val2017/000000173799.jpg,1789050395944,200,,65.37,yolo26n_int8,true,15.13,6.52,0.01,14
../../val2017/000000175251.jpg,1789050395994,200,,49.34,yolo26n_int8,true,13.63,12.69,0.01,1
../../val2017/000000174482.jpg,1789050395998,200,,67.16,yolo26m_fp16,true,20.44,21.53,0.01,10
../../val2017/000000176037.jpg,1789050396043,200,,44.29,yolo26n_int8,true,12.41,6.43,0.01,3
../../val2017/000000175535.jpg,1789050396063,200,,68.84,yolo26m_fp16,true,26.40,14.96,0.01,12
../../val2017/000000176901.jpg,1789050396097,200,,32.97,yolo26n_int8,true,12.20,6.46,0.01,3
../../val2017/000000176606.jpg,1789050396112,200,,68.02,yolo26m_fp16,true,18.98,15.20,0.01,3
../../val2017/000000177065.jpg,1789050396168,200,,55.66,yolo26n_int8,true,9.38,12.05,0.01,9
../../val2017/000000177015.jpg,1789050396169,200,,71.81,yolo26m_fp16,true,22.25,21.43,0.01,4
../../val2017/000000178469.jpg,1789050396215,200,,45.12,yolo26n_int8,true,10.25,12.05,0.01,2
../../val2017/000000177213.jpg,1789050396223,200,,54.43,yolo26m_fp16,true,13.78,21.22,0.01,7
../../val2017/000000179214.jpg,1789050396258,200,,35.34,yolo26n_int8,true,8.73,12.55,0.01,1
../../val2017/000000179141.jpg,1789050396266,200,,51.46,yolo26m_fp16,true,12.67,21.46,0.01,8
../../val2017/000000180560.jpg,1789050396302,200,,43.22,yolo26m_fp16,true,14.89,15.11,0.01,4
../../val2017/000000180798.jpg,1789050396307,200,,40.65,yolo26n_int8,true,19.64,6.28,0.04,1
../../val2017/000000181859.jpg,1789050396346,200,,38.29,yolo26n_int8,true,11.85,11.48,0.01,2
../../val2017/000000181796.jpg,1789050396357,200,,54.50,yolo26m_fp16,true,17.73,19.50,0.01,18
../../val2017/000000183127.jpg,1789050396399,200,,41.67,yolo26n_int8,true,12.61,13.45,0.01,2
../../val2017/000000182441.jpg,1789050396408,200,,61.66,yolo26m_fp16,true,18.37,21.47,0.01,10
../../val2017/000000184400.jpg,1789050396458,200,,58.52,yolo26m_fp16,true,22.51,15.54,0.01,3
../../val2017/000000184611.jpg,1789050396462,200,,53.77,yolo26n_int8,true,21.24,6.46,0.01,16
../../val2017/000000185473.jpg,1789050396513,200,,50.66,yolo26n_int8,true,18.62,11.91,0.01,7
../../val2017/000000184762.jpg,1789050396522,200,,63.35,yolo26m_fp16,true,22.49,20.63,0.01,1
../../val2017/000000186449.jpg,1789050396570,200,,55.59,yolo26m_fp16,true,18.33,17.80,0.01,13
../../val2017/000000186873.jpg,1789050396573,200,,51.22,yolo26n_int8,true,21.41,8.21,0.01,8
../../val2017/000000190637.jpg,1789050396601,200,,27.64,yolo26n_int8,true,10.55,6.29,0.01,2
../../val2017/000000187243.jpg,1789050396626,200,,55.70,yolo26m_fp16,true,20.20,14.97,0.01,5
../../val2017/000000191614.jpg,1789050396658,200,,57.10,yolo26m_fp16,true,17.22,15.12,0.01,3
../../val2017/000000191672.jpg,1789050396673,200,,46.44,yolo26n_int8,true,14.00,6.30,0.01,1
../../val2017/000000192191.jpg,1789050396720,200,,46.81,yolo26n_int8,true,12.82,11.95,0.01,4
../../val2017/000000191761.jpg,1789050396720,200,,61.11,yolo26m_fp16,true,19.84,20.90,0.01,3
../../val2017/000000192964.jpg,1789050396753,200,,33.05,yolo26n_int8,true,11.42,6.35,0.01,2
../../val2017/000000192904.jpg,1789050396776,200,,55.69,yolo26m_fp16,true,19.51,15.23,0.01,9
../../val2017/000000193181.jpg,1789050396812,200,,58.45,yolo26m_fp16,true,19.24,15.41,0.01,18
../../val2017/000000194216.jpg,1789050396832,200,,55.72,yolo26n_int8,true,26.19,6.59,0.01,4
../../val2017/000000194471.jpg,1789050396861,200,,48.55,yolo26m_fp16,true,17.52,14.87,0.01,2
../../val2017/000000194506.jpg,1789050396894,200,,61.99,yolo26n_int8,true,19.35,6.30,0.01,2
../../val2017/000000194940.jpg,1789050396912,200,,50.53,yolo26m_fp16,true,18.76,15.43,0.01,7
../../val2017/000000195045.jpg,1789050396946,200,,50.13,yolo26n_int8,true,17.95,6.36,0.01,1
../../val2017/000000196442.jpg,1789050396958,200,,45.24,yolo26m_fp16,true,16.53,15.35,0.01,11
../../val2017/000000196843.jpg,1789050396991,200,,44.44,yolo26n_int8,true,15.93,6.49,0.01,4
../../val2017/000000197022.jpg,1789050397012,200,,52.57,yolo26m_fp16,true,13.91,15.24,0.01,2
../../val2017/000000197528.jpg,1789050397029,200,,37.14,yolo26n_int8,true,13.67,6.16,0.01,1
../../val2017/000000198805.jpg,1789050397059,200,,46.37,yolo26m_fp16,true,13.99,15.38,0.01,4
../../val2017/000000198928.jpg,1789050397065,200,,34.74,yolo26n_int8,true,14.82,6.17,0.01,2
../../val2017/000000199442.jpg,1789050397105,200,,45.71,yolo26m_fp16,true,12.46,20.73,0.01,2
../../val2017/000000201426.jpg,1789050397106,200,,40.90,yolo26n_int8,true,14.93,10.74,0.00,7
../../val2017/000000202001.jpg,1789050397150,200,,42.82,yolo26n_int8,true,14.45,12.95,0.01,3
../../val2017/000000201775.jpg,1789050397156,200,,50.26,yolo26m_fp16,true,14.73,21.00,0.01,3
../../val2017/000000203546.jpg,1789050397201,200,,43.32,yolo26n_int8,true,13.29,12.55,0.01,1
../../val2017/000000203389.jpg,1789050397202,200,,51.89,yolo26m_fp16,true,12.37,21.74,0.01,13
../../val2017/000000204186.jpg,1789050397252,200,,48.88,yolo26n_int8,true,14.17,11.10,0.01,5
../../val2017/000000203580.jpg,1789050397255,200,,53.12,yolo26m_fp16,true,13.79,21.71,0.01,4
../../val2017/000000207538.jpg,1789050397295,200,,39.06,yolo26n_int8,true,14.79,11.60,0.01,1
../../val2017/000000205776.jpg,1789050397305,200,,51.63,yolo26m_fp16,true,13.84,19.44,0.01,1
../../val2017/000000208901.jpg,1789050397336,200,,31.03,yolo26n_int8,true,8.83,12.30,0.01,1
../../val2017/000000208423.jpg,1789050397341,200,,45.06,yolo26m_fp16,true,12.86,21.50,0.01,12
../../val2017/000000209753.jpg,1789050397374,200,,32.47,yolo26n_int8,true,14.25,6.21,0.01,1
../../val2017/000000209142.jpg,1789050397389,200,,51.98,yolo26m_fp16,true,18.92,14.82,0.01,16
../../val2017/000000210030.jpg,1789050397420,200,,45.11,yolo26m_fp16,true,15.78,15.44,0.01,3
../../val2017/000000210032.jpg,1789050397426,200,,35.95,yolo26n_int8,true,15.99,6.20,0.01,6
../../val2017/000000211069.jpg,1789050397474,200,,47.57,yolo26n_int8,true,14.44,13.04,0.01,2
../../val2017/000000210520.jpg,1789050397478,200,,57.78,yolo26m_fp16,true,14.23,21.44,0.01,14
../../val2017/000000212166.jpg,1789050397514,200,,35.11,yolo26n_int8,true,10.44,8.84,0.01,2
../../val2017/000000211674.jpg,1789050397529,200,,53.76,yolo26m_fp16,true,18.51,16.56,0.01,18
../../val2017/000000213171.jpg,1789050397573,200,,57.66,yolo26m_fp16,true,22.19,18.07,0.01,2
../../val2017/000000214720.jpg,1789050397574,200,,44.53,yolo26n_int8,true,15.80,8.45,0.02,7
../../val2017/000000215644.jpg,1789050397611,200,,36.22,yolo26n_int8,true,12.45,6.24,0.01,1
../../val2017/000000215072.jpg,1789050397638,200,,64.21,yolo26m_fp16,true,20.66,14.86,0.01,10
../../val2017/000000215723.jpg,1789050397665,200,,53.90,yolo26m_fp16,true,20.08,14.96,0.01,5
../../val2017/000000217400.jpg,1789050397676,200,,37.13,yolo26n_int8,true,11.84,6.25,0.01,1
../../val2017/000000219578.jpg,1789050397726,200,,48.95,yolo26n_int8,true,11.23,13.17,0.01,2
../../val2017/000000219485.jpg,1789050397731,200,,64.34,yolo26m_fp16,true,20.00,21.60,0.01,1
../../val2017/000000221155.jpg,1789050397770,200,,38.99,yolo26n_int8,true,9.50,13.07,0.01,2
../../val2017/000000220310.jpg,1789050397775,200,,48.07,yolo26m_fp16,true,14.02,21.53,0.01,3
../../val2017/000000223090.jpg,1789050397807,200,,31.65,yolo26n_int8,true,9.82,6.41,0.01,1
../../val2017/000000222455.jpg,1789050397822,200,,50.84,yolo26m_fp16,true,15.65,15.05,0.01,0
../../val2017/000000223182.jpg,1789050397870,200,,61.47,yolo26m_fp16,true,16.41,20.23,0.01,12
../../val2017/000000223188.jpg,1789050397871,200,,47.89,yolo26n_int8,true,16.06,10.50,0.01,2
../../val2017/000000223959.jpg,1789050397924,200,,52.33,yolo26n_int8,true,18.96,11.13,0.01,2
../../val2017/000000223789.jpg,1789050397928,200,,57.56,yolo26m_fp16,true,20.69,21.19,0.01,2
../../val2017/000000224119.jpg,1789050397978,200,,49.55,yolo26n_int8,true,18.16,12.59,0.01,0
../../val2017/000000224051.jpg,1789050397982,200,,57.29,yolo26m_fp16,true,16.20,21.21,0.01,3
../../val2017/000000224807.jpg,1789050398033,200,,49.74,yolo26n_int8,true,16.20,11.50,0.01,14
../../val2017/000000224222.jpg,1789050398042,200,,62.97,yolo26m_fp16,true,22.08,18.93,0.01,4
../../val2017/000000226171.jpg,1789050398092,200,,48.82,yolo26n_int8,true,14.62,12.47,0.01,5
../../val2017/000000225670.jpg,1789050398093,200,,59.03,yolo26m_fp16,true,21.09,21.53,0.01,2
../../val2017/000000226417.jpg,1789050398139,200,,45.83,yolo26n_int8,true,15.07,11.79,0.02,15
../../val2017/000000226408.jpg,1789050398148,200,,55.34,yolo26m_fp16,true,20.86,18.80,0.01,3
../../val2017/000000227686.jpg,1789050398192,200,,43.84,yolo26n_int8,true,9.04,11.50,0.01,1
../../val2017/000000226592.jpg,1789050398199,200,,58.27,yolo26m_fp16,true,15.15,21.91,0.01,1
../../val2017/000000229216.jpg,1789050398228,200,,28.56,yolo26n_int8,true,8.41,6.19,0.01,3
../../val2017/000000227985.jpg,1789050398248,200,,54.62,yolo26m_fp16,true,19.99,15.13,0.01,5
../../val2017/000000229948.jpg,1789050398288,200,,38.55,yolo26n_int8,true,10.42,13.18,0.01,2
../../val2017/000000229747.jpg,1789050398292,200,,62.99,yolo26m_fp16,true,20.02,21.37,0.01,1
../../val2017/000000231169.jpg,1789050398331,200,,38.37,yolo26n_int8,true,10.56,9.09,0.01,1
../../val2017/000000230362.jpg,1789050398344,200,,56.14,yolo26m_fp16,true,16.02,17.65,0.01,5
../../val2017/000000231508.jpg,1789050398386,200,,53.99,yolo26m_fp16,true,20.46,14.92,0.01,12
../../val2017/000000231580.jpg,1789050398410,200,,64.32,yolo26n_int8,true,25.82,6.39,0.01,8
../../val2017/000000231822.jpg,1789050398444,200,,57.34,yolo26m_fp16,true,22.35,15.28,0.01,12
../../val2017/000000232088.jpg,1789050398460,200,,49.48,yolo26n_int8,true,19.86,6.28,0.01,3
../../val2017/000000232244.jpg,1789050398495,200,,49.79,yolo26m_fp16,true,19.49,14.87,0.01,1
../../val2017/000000235064.jpg,1789050398513,200,,51.69,yolo26n_int8,true,16.15,6.29,0.01,1
../../val2017/000000235778.jpg,1789050398537,200,,41.89,yolo26m_fp16,true,14.72,14.87,0.01,12
../../val2017/000000236426.jpg,1789050398544,200,,31.03,yolo26n_int8,true,10.47,6.27,0.01,13
../../val2017/000000237864.jpg,1789050398584,200,,38.77,yolo26n_int8,true,10.38,12.00,0.01,2
../../val2017/000000236690.jpg,1789050398594,200,,56.07,yolo26m_fp16,true,15.93,20.48,0.01,1
../../val2017/000000238410.jpg,1789050398632,200,,37.23,yolo26n_int8,true,8.80,13.24,0.01,7
../../val2017/000000238039.jpg,1789050398641,200,,56.27,yolo26m_fp16,true,13.06,22.07,0.01,2
../../val2017/000000239041.jpg,1789050398677,200,,44.17,yolo26m_fp16,true,15.10,15.44,0.01,6
../../val2017/000000239537.jpg,1789050398683,200,,41.47,yolo26n_int8,true,16.71,6.96,0.01,3
../../val2017/000000239857.jpg,1789050398734,200,,56.08,yolo26m_fp16,true,16.87,20.28,0.01,18
../../val2017/000000240250.jpg,1789050398735,200,,50.45,yolo26n_int8,true,17.76,10.57,0.01,11
../../val2017/000000243344.jpg,1789050398783,200,,47.20,yolo26n_int8,true,15.43,11.48,0.01,2
../../val2017/000000241297.jpg,1789050398792,200,,56.80,yolo26m_fp16,true,14.60,19.57,0.01,1
../../val2017/000000243989.jpg,1789050398833,200,,49.18,yolo26m_fp16,true,15.26,18.03,0.01,9
../../val2017/000000244019.jpg,1789050398835,200,,42.00,yolo26n_int8,true,16.75,8.77,0.01,1
../../val2017/000000245026.jpg,1789050398874,200,,38.37,yolo26n_int8,true,14.27,8.90,0.01,4
../../val2017/000000244496.jpg,1789050398884,200,,50.72,yolo26m_fp16,true,21.65,17.17,0.01,2
../../val2017/000000245311.jpg,1789050398933,200,,48.29,yolo26n_int8,true,16.93,12.68,0.01,13
../../val2017/000000245173.jpg,1789050398941,200,,66.01,yolo26m_fp16,true,19.74,22.05,0.01,4
../../val2017/000000246522.jpg,1789050398979,200,,37.61,yolo26n_int8,true,14.12,11.59,0.01,1
../../val2017/000000246308.jpg,1789050398988,200,,54.15,yolo26m_fp16,true,14.66,20.96,0.01,6
../../val2017/000000248111.jpg,1789050399028,200,,38.72,yolo26n_int8,true,14.90,12.67,0.01,3
../../val2017/000000247917.jpg,1789050399033,200,,52.85,yolo26m_fp16,true,13.93,21.52,0.01,19
../../val2017/000000248334.jpg,1789050399068,200,,34.40,yolo26n_int8,true,14.59,6.19,0.01,5
../../val2017/000000248112.jpg,1789050399089,200,,60.65,yolo26m_fp16,true,20.91,15.29,0.01,4
../../val2017/000000248752.jpg,1789050399111,200,,42.20,yolo26m_fp16,true,15.73,14.83,0.01,2
../../val2017/000000250282.jpg,1789050399123,200,,32.98,yolo26n_int8,true,12.01,6.73,0.01,8
../../val2017/000000250901.jpg,1789050399178,200,,54.81,yolo26n_int8,true,17.47,13.52,0.01,5
../../val2017/000000250619.jpg,1789050399184,200,,72.84,yolo26m_fp16,true,24.49,21.64,0.01,4
../../val2017/000000251572.jpg,1789050399222,200,,36.79,yolo26n_int8,true,10.18,13.26,0.01,2
../../val2017/000000251119.jpg,1789050399232,200,,52.94,yolo26m_fp16,true,15.28,21.52,0.01,4
../../val2017/000000255912.jpg,1789050399279,200,,45.98,yolo26n_int8,true,11.55,13.33,0.01,2
../../val2017/000000253742.jpg,1789050399284,200,,61.09,yolo26m_fp16,true,17.96,21.49,0.02,38
../../val2017/000000256518.jpg,1789050399334,200,,54.49,yolo26m_fp16,true,17.58,21.40,0.01,11
../../val2017/000000256868.jpg,1789050399335,200,,50.63,yolo26n_int8,true,16.84,12.36,0.01,6
../../val2017/000000258911.jpg,1789050399384,200,,48.43,yolo26n_int8,true,17.92,11.83,0.01,3
../../val2017/000000257169.jpg,1789050399391,200,,56.38,yolo26m_fp16,true,16.66,21.84,0.01,2
../../val2017/000000260657.jpg,1789050399435,200,,43.74,yolo26n_int8,true,18.41,11.58,0.01,0
../../val2017/000000259597.jpg,1789050399437,200,,51.75,yolo26m_fp16,true,15.13,21.46,0.01,18
../../val2017/000000261061.jpg,1789050399483,200,,45.09,yolo26n_int8,true,18.28,11.68,0.01,2
../../val2017/000000260925.jpg,1789050399492,200,,55.67,yolo26m_fp16,true,16.10,21.01,0.01,2
../../val2017/000000261097.jpg,1789050399537,200,,53.26,yolo26m_fp16,true,19.41,15.39,0.01,14
../../val2017/000000262487.jpg,1789050399543,200,,50.55,yolo26n_int8,true,16.00,6.08,0.01,3
../../val2017/000000263474.jpg,1789050399586,200,,41.87,yolo26n_int8,true,14.55,13.05,0.01,1
../../val2017/000000263463.jpg,1789050399591,200,,53.53,yolo26m_fp16,true,13.37,21.51,0.01,2
../../val2017/000000264968.jpg,1789050399622,200,,30.42,yolo26n_int8,true,12.40,6.51,0.01,6
../../val2017/000000264535.jpg,1789050399648,200,,61.00,yolo26m_fp16,true,21.84,15.10,0.02,6
../../val2017/000000266400.jpg,1789050399689,200,,39.82,yolo26n_int8,true,10.32,11.25,0.01,4
../../val2017/000000266206.jpg,1789050399689,200,,65.80,yolo26m_fp16,true,20.60,20.78,0.01,1
../../val2017/000000267537.jpg,1789050399731,200,,40.99,yolo26n_int8,true,9.88,11.79,0.01,6
../../val2017/000000267300.jpg,1789050399743,200,,53.58,yolo26m_fp16,true,14.57,21.12,0.01,5
../../val2017/000000269682.jpg,1789050399775,200,,31.09,yolo26n_int8,true,9.23,11.29,0.01,5
../../val2017/000000267670.jpg,1789050399779,200,,47.38,yolo26m_fp16,true,14.00,21.51,0.01,3
../../val2017/000000270297.jpg,1789050399824,200,,43.77,yolo26n_int8,true,8.73,12.90,0.01,1
../../val2017/000000270244.jpg,1789050399833,200,,57.27,yolo26m_fp16,true,14.99,21.76,0.01,1
../../val2017/000000271997.jpg,1789050399866,200,,32.56,yolo26n_int8,true,9.67,6.60,0.01,2
../../val2017/000000270677.jpg,1789050399891,200,,66.15,yolo26m_fp16,true,15.13,14.77,0.01,2
../../val2017/000000272364.jpg,1789050399920,200,,52.81,yolo26m_fp16,true,17.79,15.25,0.01,3
../../val2017/000000273642.jpg,1789050399926,200,,33.83,yolo26n_int8,true,11.84,6.24,0.01,2
../../val2017/000000273715.jpg,1789050399975,200,,48.77,yolo26n_int8,true,20.67,12.17,0.02,5
../../val2017/000000273711.jpg,1789050399980,200,,58.92,yolo26m_fp16,true,17.50,21.43,0.01,20
../../val2017/000000276285.jpg,1789050400035,200,,54.04,yolo26n_int8,true,18.03,12.01,0.01,9
../../val2017/000000275791.jpg,1789050400041,200,,65.15,yolo26m_fp16,true,17.37,21.60,0.01,4
../../val2017/000000277197.jpg,1789050400086,200,,43.50,yolo26n_int8,true,16.15,12.13,0.01,4
../../val2017/000000276720.jpg,1789050400086,200,,50.04,yolo26m_fp16,true,12.11,21.47,0.00,5
../../val2017/000000278006.jpg,1789050400130,200,,43.68,yolo26n_int8,true,15.38,13.79,0.01,0
../../val2017/000000278848.jpg,1789050400136,200,,49.31,yolo26m_fp16,true,14.68,21.43,0.01,11
../../val2017/000000281687.jpg,1789050400182,200,,45.27,yolo26n_int8,true,17.67,12.81,0.01,7
../../val2017/000000280891.jpg,1789050400187,200,,56.14,yolo26m_fp16,true,15.45,21.85,0.01,21
../../val2017/000000282046.jpg,1789050400220,200,,32.66,yolo26n_int8,true,15.69,6.21,0.01,1
../../val2017/000000281754.jpg,1789050400238,200,,55.61,yolo26m_fp16,true,17.94,15.33,0.01,4
../../val2017/000000283070.jpg,1789050400269,200,,47.96,yolo26m_fp16,true,12.67,15.67,0.01,5
../../val2017/000000283113.jpg,1789050400277,200,,38.23,yolo26n_int8,true,14.95,6.51,0.01,4
../../val2017/000000284991.jpg,1789050400317,200,,39.05,yolo26n_int8,true,14.27,11.32,0.01,1
../../val2017/000000283412.jpg,1789050400318,200,,47.46,yolo26m_fp16,true,12.15,21.24,0.01,4
../../val2017/000000286849.jpg,1789050400360,200,,41.33,yolo26n_int8,true,14.59,13.55,0.01,3
../../val2017/000000285349.jpg,1789050400366,200,,48.12,yolo26m_fp16,true,14.40,21.56,0.01,2
../../val2017/000000287527.jpg,1789050400411,200,,44.33,yolo26n_int8,true,14.33,12.68,0.01,3
../../val2017/000000286908.jpg,1789050400418,200,,57.79,yolo26m_fp16,true,13.30,21.46,0.01,25
../../val2017/000000289594.jpg,1789050400452,200,,32.74,yolo26n_int8,true,8.81,11.85,0.01,1
../../val2017/000000289516.jpg,1789050400463,200,,50.95,yolo26m_fp16,true,12.96,20.65,0.01,3
../../val2017/000000291619.jpg,1789050400510,200,,46.36,yolo26n_int8,true,15.37,12.55,0.01,3
../../val2017/000000290163.jpg,1789050400511,200,,58.11,yolo26m_fp16,true,15.39,20.93,0.01,15
../../val2017/000000292225.jpg,1789050400554,200,,43.19,yolo26m_fp16,true,14.37,20.12,0.01,4
../../val2017/000000292456.jpg,1789050400556,200,,43.55,yolo26n_int8,true,16.34,11.43,0.01,5
../../val2017/000000292908.jpg,1789050400593,200,,36.19,yolo26n_int8,true,9.83,12.52,0.01,2
../../val2017/000000292488.jpg,1789050400601,200,,46.38,yolo26m_fp16,true,13.58,21.68,0.01,2
../../val2017/000000293071.jpg,1789050400638,200,,36.55,yolo26n_int8,true,12.96,11.83,0.01,4
../../val2017/000000292997.jpg,1789050400649,200,,55.34,yolo26m_fp16,true,16.96,20.94,0.01,12
../../val2017/000000293245.jpg,1789050400691,200,,51.53,yolo26m_fp16,true,15.59,15.37,0.01,2
../../val2017/000000293300.jpg,1789050400698,200,,48.83,yolo26n_int8,true,18.90,6.44,0.01,2
../../val2017/000000294783.jpg,1789050400750,200,,51.15,yolo26n_int8,true,16.44,11.57,0.01,1
../../val2017/000000293794.jpg,1789050400759,200,,67.46,yolo26m_fp16,true,23.05,18.66,0.02,16
../../val2017/000000295420.jpg,1789050400808,200,,48.46,yolo26n_int8,true,16.41,11.73,0.01,4
../../val2017/000000294831.jpg,1789050400814,200,,62.20,yolo26m_fp16,true,20.77,21.41,0.01,8
../../val2017/000000296284.jpg,1789050400849,200,,35.03,yolo26n_int8,true,15.00,8.96,0.01,1
../../val2017/000000296224.jpg,1789050400861,200,,51.66,yolo26m_fp16,true,13.31,16.59,0.01,3
../../val2017/000000297353.jpg,1789050400896,200,,46.31,yolo26m_fp16,true,13.02,17.80,0.01,4
../../val2017/000000297681.jpg,1789050400897,200,,34.85,yolo26n_int8,true,11.08,9.16,0.01,1
../../val2017/000000301376.jpg,1789050400934,200,,36.60,yolo26n_int8,true,15.30,6.36,0.01,11
../../val2017/000000299355.jpg,1789050400950,200,,53.35,yolo26m_fp16,true,21.32,15.16,0.01,2
../../val2017/000000303305.jpg,1789050400988,200,,36.49,yolo26n_int8,true,8.44,11.64,0.01,1
../../val2017/000000301718.jpg,1789050400998,200,,62.81,yolo26m_fp16,true,19.66,19.94,0.01,9
../../val2017/000000304291.jpg,1789050401034,200,,35.15,yolo26n_int8,true,8.27,8.80,0.01,1
../../val2017/000000303653.jpg,1789050401047,200,,58.16,yolo26m_fp16,true,15.93,17.49,0.01,8
../../val2017/000000304560.jpg,1789050401089,200,,40.99,yolo26n_int8,true,9.47,13.00,0.01,1
../../val2017/000000304396.jpg,1789050401098,200,,62.54,yolo26m_fp16,true,20.80,21.40,0.01,2
../../val2017/000000305609.jpg,1789050401144,200,,45.63,yolo26n_int8,true,12.39,13.31,0.01,4
../../val2017/000000305309.jpg,1789050401151,200,,61.25,yolo26m_fp16,true,18.50,21.55,0.01,2
../../val2017/000000306733.jpg,1789050401186,200,,33.88,yolo26n_int8,true,11.18,6.35,0.01,5
../../val2017/000000306582.jpg,1789050401199,200,,54.34,yolo26m_fp16,true,15.64,14.61,0.01,5
../../val2017/000000307145.jpg,1789050401223,200,,37.12,yolo26m_fp16,true,12.87,14.77,0.01,2
../../val2017/000000307598.jpg,1789050401236,200,,36.08,yolo26n_int8,true,10.73,6.20,0.01,2
../../val2017/000000308476.jpg,1789050401279,200,,42.15,yolo26n_int8,true,9.82,13.28,0.01,1
../../val2017/000000308328.jpg,1789050401284,200,,59.64,yolo26m_fp16,true,14.94,21.39,0.01,19
../../val2017/000000309678.jpg,1789050401322,200,,37.75,yolo26n_int8,true,9.03,13.03,0.01,1
../../val2017/000000309173.jpg,1789050401327,200,,47.03,yolo26m_fp16,true,13.49,21.53,0.01,1
../../val2017/000000309938.jpg,1789050401378,200,,54.70,yolo26m_fp16,true,16.94,20.01,0.01,8
../../val2017/000000311518.jpg,1789050401379,200,,51.14,yolo26n_int8,true,16.98,11.66,0.01,1
../../val2017/000000312278.jpg,1789050401435,200,,54.88,yolo26n_int8,true,19.36,12.02,0.01,0
../../val2017/000000311789.jpg,1789050401439,200,,60.62,yolo26m_fp16,true,19.51,21.86,0.01,3
../../val2017/000000313130.jpg,1789050401491,200,,50.94,yolo26n_int8,true,17.66,12.17,0.01,2
../../val2017/000000312406.jpg,1789050401499,200,,63.76,yolo26m_fp16,true,20.35,22.17,0.01,4
../../val2017/000000313182.jpg,1789050401551,200,,58.63,yolo26m_fp16,true,17.21,20.18,0.01,11
../../val2017/000000313562.jpg,1789050401552,200,,51.72,yolo26n_int8,true,16.27,11.38,0.01,2
../../val2017/000000314914.jpg,1789050401605,200,,51.95,yolo26n_int8,true,15.53,11.52,0.01,1
../../val2017/000000314182.jpg,1789050401612,200,,60.45,yolo26m_fp16,true,23.49,21.17,0.01,9
../../val2017/000000319607.jpg,1789050401658,200,,45.32,yolo26n_int8,true,9.22,13.68,0.01,2
../../val2017/000000316054.jpg,1789050401667,200,,61.38,yolo26m_fp16,true,16.82,21.91,0.01,4
../../val2017/000000322610.jpg,1789050401718,200,,50.26,yolo26n_int8,true,17.32,13.84,0.01,10
../../val2017/000000322429.jpg,1789050401725,200,,65.71,yolo26m_fp16,true,15.44,21.68,0.01,14
../../val2017/000000323263.jpg,1789050401779,200,,53.87,yolo26n_int8,true,16.15,12.99,0.01,5
../../val2017/000000322959.jpg,1789050401785,200,,66.09,yolo26m_fp16,true,22.75,21.54,0.02,8
../../val2017/000000327601.jpg,1789050401819,200,,33.23,yolo26n_int8,true,13.16,6.36,0.01,2
../../val2017/000000326462.jpg,1789050401836,200,,55.42,yolo26m_fp16,true,20.65,15.13,0.01,2
../../val2017/000000327617.jpg,1789050401876,200,,56.35,yolo26m_fp16,true,18.73,15.25,0.01,2
../../val2017/000000328030.jpg,1789050401883,200,,46.63,yolo26n_int8,true,14.99,6.27,0.01,5
../../val2017/000000329614.jpg,1789050401913,200,,29.60,yolo26n_int8,true,12.76,6.32,0.01,9
../../val2017/000000328337.jpg,1789050401929,200,,52.15,yolo26m_fp16,true,18.89,15.11,0.01,2
../../val2017/000000330554.jpg,1789050401963,200,,48.34,yolo26m_fp16,true,15.68,14.82,0.01,0
../../val2017/000000330790.jpg,1789050401974,200,,44.15,yolo26n_int8,true,17.17,6.48,0.01,5
../../val2017/000000331352.jpg,1789050402015,200,,39.99,yolo26n_int8,true,18.12,6.26,0.01,1
../../val2017/000000331075.jpg,1789050402033,200,,69.03,yolo26m_fp16,true,21.83,14.82,0.01,1
../../val2017/000000331799.jpg,1789050402078,200,,62.01,yolo26m_fp16,true,15.24,20.71,0.01,6
../../val2017/000000332351.jpg,1789050402079,200,,45.78,yolo26n_int8,true,18.00,10.61,0.01,9
../../val2017/000000332901.jpg,1789050402122,200,,42.10,yolo26n_int8,true,14.18,12.48,0.01,4
../../val2017/000000332570.jpg,1789050402128,200,,48.50,yolo26m_fp16,true,13.91,21.80,0.01,2
../../val2017/000000333745.jpg,1789050402167,200,,39.10,yolo26n_int8,true,14.47,12.12,0.01,4
../../val2017/000000333697.jpg,1789050402174,200,,50.60,yolo26m_fp16,true,13.44,21.44,0.01,2
../../val2017/000000333956.jpg,1789050402207,200,,38.54,yolo26m_fp16,true,12.90,14.84,0.01,1
../../val2017/000000334483.jpg,1789050402215,200,,40.72,yolo26n_int8,true,14.23,6.26,0.01,7
../../val2017/000000335427.jpg,1789050402258,200,,42.34,yolo26n_int8,true,13.71,11.30,0.01,3
../../val2017/000000334555.jpg,1789050402259,200,,51.36,yolo26m_fp16,true,12.81,21.36,0.01,17
../../val2017/000000336265.jpg,1789050402301,200,,40.98,yolo26n_int8,true,13.76,12.95,0.01,2
../../val2017/000000336209.jpg,1789050402307,200,,48.12,yolo26m_fp16,true,12.57,21.60,0.01,3
../../val2017/000000336658.jpg,1789050402353,200,,51.50,yolo26m_fp16,true,17.04,14.95,0.02,11
../../val2017/000000338191.jpg,1789050402362,200,,54.54,yolo26n_int8,true,13.09,6.47,0.01,8
../../val2017/000000338901.jpg,1789050402397,200,,34.32,yolo26n_int8,true,14.21,6.28,0.01,4
../../val2017/000000338304.jpg,1789050402411,200,,56.87,yolo26m_fp16,true,20.56,15.60,0.01,18
../../val2017/000000339823.jpg,1789050402448,200,,49.88,yolo26m_fp16,true,13.78,14.81,0.01,1
../../val2017/000000339870.jpg,1789050402456,200,,44.07,yolo26n_int8,true,15.70,6.40,0.01,3
../../val2017/000000343315.jpg,1789050402510,200,,53.50,yolo26n_int8,true,10.95,11.62,0.01,1
../../val2017/000000342186.jpg,1789050402515,200,,65.59,yolo26m_fp16,true,17.53,21.90,0.01,3
../../val2017/000000343706.jpg,1789050402565,200,,49.66,yolo26n_int8,true,10.67,11.15,0.01,3
../../val2017/000000343524.jpg,1789050402566,200,,54.48,yolo26m_fp16,true,18.17,20.89,0.01,2
../../val2017/000000345397.jpg,1789050402602,200,,35.46,yolo26n_int8,true,12.81,6.24,0.01,4
../../val2017/000000345356.jpg,1789050402616,200,,50.00,yolo26m_fp16,true,18.12,15.16,0.01,11
../../val2017/000000347174.jpg,1789050402661,200,,43.77,yolo26n_int8,true,11.10,13.33,0.01,2
../../val2017/000000346703.jpg,1789050402671,200,,67.94,yolo26m_fp16,true,21.10,21.62,0.01,25
../../val2017/000000347265.jpg,1789050402716,200,,44.39,yolo26n_int8,true,11.06,11.12,0.01,1
../../val2017/000000347254.jpg,1789050402717,200,,54.99,yolo26m_fp16,true,17.23,20.33,0.01,6
../../val2017/000000347456.jpg,1789050402781,200,,63.43,yolo26n_int8,true,24.98,11.92,0.01,2
../../val2017/000000347370.jpg,1789050402786,200,,69.21,yolo26m_fp16,true,25.85,21.75,0.01,2
../../val2017/000000348012.jpg,1789050402831,200,,44.18,yolo26n_int8,true,20.87,8.94,0.01,1
../../val2017/000000347664.jpg,1789050402842,200,,59.83,yolo26m_fp16,true,19.64,16.52,0.01,14
../../val2017/000000349184.jpg,1789050402890,200,,58.67,yolo26m_fp16,true,20.90,15.26,0.01,7
../../val2017/000000349302.jpg,1789050402905,200,,62.15,yolo26n_int8,true,17.21,6.43,0.01,2
../../val2017/000000350054.jpg,1789050402953,200,,46.79,yolo26n_int8,true,17.37,12.31,0.01,1
../../val2017/000000349860.jpg,1789050402958,200,,66.31,yolo26m_fp16,true,23.45,21.49,0.01,7
../../val2017/000000351559.jpg,1789050402986,200,,28.24,yolo26n_int8,true,11.40,6.60,0.01,2
../../val2017/000000350148.jpg,1789050403003,200,,49.56,yolo26m_fp16,true,16.86,15.09,0.01,17
../../val2017/000000351589.jpg,1789050403045,200,,57.92,yolo26m_fp16,true,18.34,15.35,0.01,1
../../val2017/000000351810.jpg,1789050403063,200,,58.99,yolo26n_int8,true,28.06,6.45,0.01,6
../../val2017/000000352584.jpg,1789050403109,200,,62.83,yolo26m_fp16,true,24.11,15.59,0.01,0
../../val2017/000000353027.jpg,1789050403114,200,,50.42,yolo26n_int8,true,22.10,6.40,0.01,3
../../val2017/000000354072.jpg,1789050403164,200,,48.74,yolo26n_int8,true,19.61,11.46,0.01,2
../../val2017/000000353180.jpg,1789050403165,200,,55.04,yolo26m_fp16,true,18.72,21.61,0.01,10
../../val2017/000000355817.jpg,1789050403212,200,,46.25,yolo26n_int8,true,14.76,11.87,0.01,1
../../val2017/000000355610.jpg,1789050403212,200,,47.70,yolo26m_fp16,true,14.33,20.20,0.01,2
../../val2017/000000356261.jpg,1789050403266,200,,53.42,yolo26n_int8,true,16.97,12.13,0.01,3
../../val2017/000000356248.jpg,1789050403270,200,,57.60,yolo26m_fp16,true,15.35,21.03,0.02,19
../../val2017/000000356432.jpg,1789050403296,200,,25.24,yolo26n_int8,true,8.93,6.37,0.01,4
../../val2017/000000356387.jpg,1789050403318,200,,50.40,yolo26m_fp16,true,16.55,15.17,0.01,17
../../val2017/000000356498.jpg,1789050403340,200,,43.12,yolo26m_fp16,true,13.47,14.97,0.01,2
../../val2017/000000357459.jpg,1789050403349,200,,30.79,yolo26n_int8,true,8.77,6.45,0.01,2
../../val2017/000000359937.jpg,1789050403388,200,,37.74,yolo26n_int8,true,9.23,12.46,0.01,3
../../val2017/000000357742.jpg,1789050403391,200,,49.49,yolo26m_fp16,true,12.89,21.73,0.01,2
../../val2017/000000360325.jpg,1789050403424,200,,33.02,yolo26n_int8,true,8.89,11.54,0.01,5
../../val2017/000000360097.jpg,1789050403434,200,,45.69,yolo26m_fp16,true,14.05,21.13,0.01,6
../../val2017/000000361142.jpg,1789050403467,200,,42.00,yolo26m_fp16,true,11.77,17.63,0.01,12
../../val2017/000000361238.jpg,1789050403469,200,,33.81,yolo26n_int8,true,9.35,9.51,0.01,6
../../val2017/000000361621.jpg,1789050403496,200,,26.10,yolo26n_int8,true,8.57,6.47,0.01,1
../../val2017/000000361506.jpg,1789050403510,200,,41.91,yolo26m_fp16,true,12.86,14.50,0.01,4
../../val2017/000000364126.jpg,1789050403546,200,,35.22,yolo26n_int8,true,13.55,6.37,0.01,2
../../val2017/000000361919.jpg,1789050403564,200,,67.36,yolo26m_fp16,true,22.35,15.97,0.02,18
../../val2017/000000364884.jpg,1789050403594,200,,47.91,yolo26m_fp16,true,15.16,18.03,0.01,4
../../val2017/000000365098.jpg,1789050403595,200,,30.41,yolo26n_int8,true,9.85,9.13,0.01,0
../../val2017/000000365766.jpg,1789050403652,200,,55.91,yolo26n_int8,true,21.73,11.84,0.01,3
../../val2017/000000365207.jpg,1789050403660,200,,64.34,yolo26m_fp16,true,19.12,19.70,0.01,3
../../val2017/000000366178.jpg,1789050403700,200,,40.02,yolo26n_int8,true,15.72,12.40,0.01,3
../../val2017/000000366141.jpg,1789050403703,200,,51.02,yolo26m_fp16,true,12.58,21.41,0.01,6
../../val2017/000000366225.jpg,1789050403749,200,,48.20,yolo26m_fp16,true,12.14,20.56,0.01,3
../../val2017/000000366711.jpg,1789050403751,200,,46.87,yolo26n_int8,true,14.54,11.29,0.00,6
../../val2017/000000367228.jpg,1789050403791,200,,39.74,yolo26n_int8,true,14.81,12.98,0.01,2
../../val2017/000000366884.jpg,1789050403797,200,,47.47,yolo26m_fp16,true,12.77,21.94,0.01,7
../../val2017/000000369541.jpg,1789050403833,200,,35.16,yolo26n_int8,true,10.08,11.74,0.01,4
../../val2017/000000367680.jpg,1789050403837,200,,44.98,yolo26m_fp16,true,13.84,21.29,0.01,10
../../val2017/000000370818.jpg,1789050403880,200,,42.18,yolo26n_int8,true,14.20,12.87,0.01,2
../../val2017/000000370478.jpg,1789050403882,200,,48.56,yolo26m_fp16,true,12.86,20.99,0.01,8
../../val2017/000000370999.jpg,1789050403932,200,,50.98,yolo26m_fp16,true,14.75,21.08,0.01,0
../../val2017/000000371552.jpg,1789050403932,200,,48.81,yolo26n_int8,true,16.30,11.79,0.01,6
../../val2017/000000373705.jpg,1789050403969,200,,36.58,yolo26n_int8,true,15.99,6.45,0.01,7
../../val2017/000000372349.jpg,1789050403985,200,,52.93,yolo26m_fp16,true,17.45,14.73,0.01,2
../../val2017/000000374551.jpg,1789050404017,200,,47.35,yolo26m_fp16,true,18.54,15.34,0.01,2
../../val2017/000000376307.jpg,1789050404025,200,,38.42,yolo26n_int8,true,16.41,6.15,0.01,4
../../val2017/000000376900.jpg,1789050404066,200,,40.79,yolo26n_int8,true,14.28,6.21,0.01,3
../../val2017/000000376856.jpg,1789050404080,200,,61.49,yolo26m_fp16,true,18.21,15.19,0.01,1
../../val2017/000000377635.jpg,1789050404128,200,,47.15,yolo26n_int8,true,13.51,11.43,0.01,3
../../val2017/000000377000.jpg,1789050404135,200,,67.62,yolo26m_fp16,true,20.93,21.03,0.01,1
../../val2017/000000377723.jpg,1789050404179,200,,43.17,yolo26n_int8,true,13.61,12.76,0.01,12
../../val2017/000000377670.jpg,1789050404184,200,,54.87,yolo26m_fp16,true,12.16,21.40,0.02,10
../../val2017/000000378116.jpg,1789050404221,200,,36.90,yolo26n_int8,true,13.12,6.48,0.01,2
../../val2017/000000377882.jpg,1789050404237,200,,57.21,yolo26m_fp16,true,19.71,15.69,0.01,0
../../val2017/000000379453.jpg,1789050404262,200,,39.91,yolo26m_fp16,true,14.45,14.85,0.01,1
../../val2017/000000380913.jpg,1789050404269,200,,31.31,yolo26n_int8,true,9.44,6.35,0.01,8
../../val2017/000000382030.jpg,1789050404314,200,,51.01,yolo26m_fp16,true,15.28,20.05,0.01,1
../../val2017/000000382122.jpg,1789050404316,200,,45.61,yolo26n_int8,true,16.51,11.70,0.01,2
../../val2017/000000383386.jpg,1789050404368,200,,51.29,yolo26n_int8,true,17.42,13.39,0.01,3
../../val2017/000000382734.jpg,1789050404373,200,,58.59,yolo26m_fp16,true,16.35,21.50,0.01,1
../../val2017/000000383921.jpg,1789050404419,200,,44.87,yolo26n_int8,true,10.86,8.95,0.01,11
../../val2017/000000383606.jpg,1789050404432,200,,63.33,yolo26m_fp16,true,22.92,16.32,0.01,4
../../val2017/000000384666.jpg,1789050404469,200,,36.66,yolo26n_int8,true,10.49,11.28,0.01,7
../../val2017/000000384527.jpg,1789050404480,200,,59.49,yolo26m_fp16,true,17.65,19.00,0.01,15
../../val2017/000000387916.jpg,1789050404526,200,,45.15,yolo26n_int8,true,11.88,12.89,0.01,11
../../val2017/000000386134.jpg,1789050404534,200,,64.00,yolo26m_fp16,true,19.79,21.54,0.01,2
../../val2017/000000389451.jpg,1789050404577,200,,42.14,yolo26n_int8,true,11.32,11.90,0.01,9
../../val2017/000000389197.jpg,1789050404583,200,,56.74,yolo26m_fp16,true,16.46,21.52,0.01,12
../../val2017/000000389532.jpg,1789050404625,200,,47.21,yolo26m_fp16,true,18.55,14.92,0.01,3
../../val2017/000000389812.jpg,1789050404638,200,,53.47,yolo26n_int8,true,18.12,6.41,0.01,2
../../val2017/000000391140.jpg,1789050404680,200,,53.97,yolo26m_fp16,true,17.73,15.36,0.01,3
../../val2017/000000393014.jpg,1789050404684,200,,45.19,yolo26n_int8,true,13.06,6.60,0.01,1
../../val2017/000000393093.jpg,1789050404725,200,,39.72,yolo26n_int8,true,10.01,13.39,0.01,4
../../val2017/000000393056.jpg,1789050404732,200,,51.71,yolo26m_fp16,true,14.27,21.61,0.01,1
../../val2017/000000395575.jpg,1789050404769,200,,35.65,yolo26n_int8,true,11.71,6.20,0.01,1
../../val2017/000000393226.jpg,1789050404797,200,,70.81,yolo26m_fp16,true,24.98,15.30,0.02,12
../../val2017/000000396518.jpg,1789050404815,200,,45.86,yolo26m_fp16,true,15.80,14.99,0.01,2
../../val2017/000000396580.jpg,1789050404839,200,,41.61,yolo26n_int8,true,10.90,6.47,0.01,1
../../val2017/000000397354.jpg,1789050404865,200,,49.27,yolo26m_fp16,true,16.39,15.30,0.01,31
../../val2017/000000399296.jpg,1789050404872,200,,31.93,yolo26n_int8,true,10.00,6.35,0.01,5
../../val2017/000000400082.jpg,1789050404910,200,,36.55,yolo26n_int8,true,11.40,11.73,0.01,3
../../val2017/000000399560.jpg,1789050404922,200,,56.26,yolo26m_fp16,true,15.34,21.16,0.01,2
../../val2017/000000400573.jpg,1789050404960,200,,37.23,yolo26n_int8,true,10.00,8.86,0.01,2
../../val2017/000000400161.jpg,1789050404973,200,,62.78,yolo26m_fp16,true,22.27,17.67,0.01,6
../../val2017/000000401244.jpg,1789050405010,200,,48.62,yolo26m_fp16,true,15.55,15.28,0.01,2
../../val2017/000000402096.jpg,1789050405015,200,,41.61,yolo26n_int8,true,18.69,6.29,0.01,1
../../val2017/000000402334.jpg,1789050405062,200,,52.15,yolo26m_fp16,true,19.04,15.46,0.01,3
../../val2017/000000402615.jpg,1789050405071,200,,54.51,yolo26n_int8,true,17.80,6.24,0.01,4
../../val2017/000000402765.jpg,1789050405106,200,,42.84,yolo26m_fp16,true,17.05,15.59,0.01,2
../../val2017/000000403122.jpg,1789050405113,200,,41.07,yolo26n_int8,true,16.75,6.47,0.01,11
../../val2017/000000403385.jpg,1789050405150,200,,42.86,yolo26m_fp16,true,13.44,14.89,0.01,2
../../val2017/000000403584.jpg,1789050405158,200,,44.19,yolo26n_int8,true,14.80,6.24,0.01,3
../../val2017/000000404128.jpg,1789050405198,200,,47.39,yolo26m_fp16,true,11.88,20.71,0.01,1
../../val2017/000000404479.jpg,1789050405198,200,,39.50,yolo26n_int8,true,14.09,11.86,0.01,1
../../val2017/000000405972.jpg,1789050405242,200,,43.30,yolo26n_int8,true,14.20,13.44,0.01,2
../../val2017/000000405691.jpg,1789050405249,200,,50.69,yolo26m_fp16,true,12.53,21.36,0.01,13
../../val2017/000000407524.jpg,1789050405285,200,,42.64,yolo26m_fp16,true,11.84,18.18,0.01,6
../../val2017/000000407825.jpg,1789050405290,200,,39.89,yolo26n_int8,true,15.92,9.98,0.01,1
../../val2017/000000410496.jpg,1789050405325,200,,34.49,yolo26n_int8,true,13.56,6.29,0.01,7
../../val2017/000000408120.jpg,1789050405338,200,,51.95,yolo26m_fp16,true,19.11,14.92,0.01,5
../../val2017/000000410510.jpg,1789050405373,200,,46.67,yolo26m_fp16,true,12.85,17.99,0.01,4
../../val2017/000000410612.jpg,1789050405376,200,,36.59,yolo26n_int8,true,15.61,9.25,0.01,1
../../val2017/000000411953.jpg,1789050405416,200,,39.43,yolo26n_int8,true,15.42,11.52,0.01,2
../../val2017/000000410880.jpg,1789050405425,200,,51.38,yolo26m_fp16,true,13.35,21.41,0.01,5
../../val2017/000000413247.jpg,1789050405457,200,,31.89,yolo26n_int8,true,9.84,6.26,0.01,3
../../val2017/000000412887.jpg,1789050405477,200,,59.94,yolo26m_fp16,true,21.89,14.95,0.01,3
../../val2017/000000413552.jpg,1789050405500,200,,42.13,yolo26m_fp16,true,14.01,15.02,0.01,3
../../val2017/000000414170.jpg,1789050405522,200,,44.21,yolo26n_int8,true,17.27,6.29,0.01,5
../../val2017/000000415194.jpg,1789050405548,200,,46.67,yolo26m_fp16,true,15.56,14.81,0.01,10
../../val2017/000000416256.jpg,1789050405561,200,,38.66,yolo26n_int8,true,18.09,6.21,0.01,2
../../val2017/000000416745.jpg,1789050405606,200,,57.15,yolo26m_fp16,true,16.72,20.19,0.01,2
../../val2017/000000416758.jpg,1789050405607,200,,45.13,yolo26n_int8,true,14.60,11.17,0.00,2
../../val2017/000000417043.jpg,1789050405650,200,,41.66,yolo26n_int8,true,13.94,12.72,0.01,1
../../val2017/000000416991.jpg,1789050405654,200,,47.67,yolo26m_fp16,true,12.92,21.93,0.01,18
../../val2017/000000417911.jpg,1789050405694,200,,38.39,yolo26n_int8,true,13.81,8.87,0.01,2
../../val2017/000000417465.jpg,1789050405706,200,,55.68,yolo26m_fp16,true,19.21,17.20,0.01,1
../../val2017/000000419379.jpg,1789050405745,200,,50.19,yolo26m_fp16,true,15.22,15.50,0.01,7
../../val2017/000000419408.jpg,1789050405751,200,,43.39,yolo26n_int8,true,14.40,6.92,0.01,5
../../val2017/000000419882.jpg,1789050405790,200,,38.49,yolo26n_int8,true,16.56,6.19,0.01,3
../../val2017/000000419653.jpg,1789050405805,200,,59.13,yolo26m_fp16,true,23.64,14.88,0.01,12
../../val2017/000000419974.jpg,1789050405839,200,,48.39,yolo26m_fp16,true,15.51,15.08,0.01,17
../../val2017/000000420281.jpg,1789050405842,200,,35.90,yolo26n_int8,true,11.07,6.55,0.01,2
../../val2017/000000422886.jpg,1789050405891,200,,48.54,yolo26n_int8,true,10.01,12.19,0.01,2
../../val2017/000000420840.jpg,1789050405897,200,,56.79,yolo26m_fp16,true,15.54,21.51,0.01,4
../../val2017/000000423798.jpg,1789050405924,200,,26.53,yolo26n_int8,true,8.35,6.25,0.01,0
../../val2017/000000423617.jpg,1789050405960,200,,68.22,yolo26m_fp16,true,23.18,15.34,0.02,15
../../val2017/000000424162.jpg,1789050405975,200,,49.66,yolo26m_fp16,true,12.54,20.20,0.01,14
../../val2017/000000424349.jpg,1789050405998,200,,36.81,yolo26n_int8,true,16.69,6.38,0.01,3
../../val2017/000000424545.jpg,1789050406024,200,,48.99,yolo26m_fp16,true,19.97,14.87,0.01,1
../../val2017/000000424551.jpg,1789050406039,200,,40.43,yolo26n_int8,true,16.81,6.34,0.01,3
../../val2017/000000424642.jpg,1789050406079,200,,53.92,yolo26m_fp16,true,16.54,18.02,0.01,6
../../val2017/000000425906.jpg,1789050406081,200,,41.88,yolo26n_int8,true,16.97,9.73,0.01,5
../../val2017/000000427649.jpg,1789050406122,200,,39.21,yolo26n_int8,true,13.34,9.10,0.01,1
../../val2017/000000426241.jpg,1789050406132,200,,52.28,yolo26m_fp16,true,18.35,17.27,0.01,8
../../val2017/000000428867.jpg,1789050406168,200,,45.30,yolo26m_fp16,true,15.93,15.23,0.01,6
../../val2017/000000429598.jpg,1789050406179,200,,46.20,yolo26n_int8,true,16.85,6.41,0.01,3
../../val2017/000000430871.jpg,1789050406218,200,,49.70,yolo26m_fp16,true,14.85,20.98,0.01,1
../../val2017/000000430961.jpg,1789050406219,200,,39.18,yolo26n_int8,true,18.75,10.71,0.01,4
../../val2017/000000432898.jpg,1789050406266,200,,46.31,yolo26n_int8,true,18.44,12.01,0.01,7
../../val2017/000000431876.jpg,1789050406275,200,,56.62,yolo26m_fp16,true,13.97,20.34,0.01,15
../../val2017/000000433374.jpg,1789050406319,200,,42.58,yolo26n_int8,true,14.15,12.65,0.01,4
../../val2017/000000433243.jpg,1789050406323,200,,55.90,yolo26m_fp16,true,13.80,21.50,0.01,3
../../val2017/000000434479.jpg,1789050406354,200,,30.21,yolo26n_int8,true,9.60,8.88,0.01,2
../../val2017/000000434247.jpg,1789050406366,200,,46.77,yolo26m_fp16,true,14.86,16.79,0.01,13
../../val2017/000000437110.jpg,1789050406411,200,,43.73,yolo26n_int8,true,10.64,12.14,0.01,1
../../val2017/000000434548.jpg,1789050406419,200,,64.12,yolo26m_fp16,true,19.64,21.66,0.01,3
../../val2017/000000437898.jpg,1789050406457,200,,45.56,yolo26m_fp16,true,11.68,18.25,0.01,11
../../val2017/000000439180.jpg,1789050406460,200,,40.47,yolo26n_int8,true,15.47,8.87,0.01,22
../../val2017/000000441247.jpg,1789050406493,200,,31.95,yolo26n_int8,true,8.81,9.10,0.01,7
../../val2017/000000439994.jpg,1789050406507,200,,48.62,yolo26m_fp16,true,13.38,17.39,0.01,10
../../val2017/000000441586.jpg,1789050406539,200,,31.22,yolo26n_int8,true,8.68,6.23,0.01,6
../../val2017/000000441553.jpg,1789050406558,200,,64.69,yolo26m_fp16,true,24.52,15.35,0.02,13
../../val2017/000000442463.jpg,1789050406583,200,,43.48,yolo26m_fp16,true,15.48,14.74,0.01,2
../../val2017/000000442661.jpg,1789050406603,200,,44.23,yolo26n_int8,true,18.58,6.29,0.01,1
../../val2017/000000445602.jpg,1789050406652,200,,47.39,yolo26n_int8,true,18.30,9.10,0.01,4
../../val2017/000000442836.jpg,1789050406662,200,,78.16,yolo26m_fp16,true,20.34,17.65,0.01,4
../../val2017/000000445846.jpg,1789050406707,200,,44.61,yolo26n_int8,true,16.54,11.53,0.01,1
../../val2017/000000445722.jpg,1789050406716,200,,63.44,yolo26m_fp16,true,25.69,20.64,0.01,3
../../val2017/000000445999.jpg,1789050406756,200,,48.16,yolo26m_fp16,true,14.96,18.23,0.01,1
../../val2017/000000446207.jpg,1789050406759,200,,42.84,yolo26n_int8,true,16.98,9.25,0.01,1
../../val2017/000000446574.jpg,1789050406804,200,,44.50,yolo26n_int8,true,16.69,12.49,0.01,1
../../val2017/000000446522.jpg,1789050406810,200,,53.22,yolo26m_fp16,true,15.02,21.65,0.01,3
../../val2017/000000447314.jpg,1789050406847,200,,36.75,yolo26n_int8,true,16.02,6.40,0.01,6
../../val2017/000000447313.jpg,1789050406860,200,,54.32,yolo26m_fp16,true,13.27,15.09,0.01,3
../../val2017/000000449579.jpg,1789050406903,200,,43.16,yolo26n_int8,true,17.63,12.51,0.01,2
../../val2017/000000448448.jpg,1789050406908,200,,59.46,yolo26m_fp16,true,17.91,21.33,0.01,3
../../val2017/000000450100.jpg,1789050406953,200,,44.26,yolo26n_int8,true,15.52,11.66,0.01,2
../../val2017/000000449996.jpg,1789050406962,200,,58.25,yolo26m_fp16,true,17.87,20.63,0.01,6
../../val2017/000000451043.jpg,1789050407002,200,,48.53,yolo26m_fp16,true,12.37,20.21,0.01,2
../../val2017/000000451144.jpg,1789050407004,200,,40.49,yolo26n_int8,true,14.39,10.14,0.01,2
../../val2017/000000451155.jpg,1789050407046,200,,42.98,yolo26m_fp16,true,13.63,17.73,0.01,2
../../val2017/000000452084.jpg,1789050407049,200,,44.83,yolo26n_int8,true,14.79,8.62,0.00,0
../../val2017/000000452891.jpg,1789050407091,200,,41.56,yolo26n_int8,true,11.78,13.25,0.01,2
../../val2017/000000452784.jpg,1789050407097,200,,51.13,yolo26m_fp16,true,16.09,22.03,0.01,4
../../val2017/000000453860.jpg,1789050407130,200,,32.03,yolo26n_int8,true,13.55,6.49,0.01,2
../../val2017/000000453040.jpg,1789050407148,200,,55.28,yolo26m_fp16,true,19.67,15.27,0.01,2
../../val2017/000000453981.jpg,1789050407190,200,,58.63,yolo26m_fp16,true,14.30,20.34,0.01,1
../../val2017/000000454661.jpg,1789050407191,200,,42.79,yolo26n_int8,true,15.52,10.46,0.01,8
../../val2017/000000455219.jpg,1789050407239,200,,45.50,yolo26n_int8,true,15.08,6.16,0.01,5
../../val2017/000000454798.jpg,1789050407261,200,,70.47,yolo26m_fp16,true,24.09,15.00,0.01,3
../../val2017/000000456292.jpg,1789050407289,200,,49.42,yolo26m_fp16,true,17.93,15.25,0.01,1
../../val2017/000000457262.jpg,1789050407303,200,,40.85,yolo26n_int8,true,17.36,6.20,0.01,2
../../val2017/000000457884.jpg,1789050407345,200,,54.67,yolo26m_fp16,true,14.50,18.15,0.01,7
../../val2017/000000458255.jpg,1789050407349,200,,45.18,yolo26n_int8,true,14.93,9.99,0.01,3
../../val2017/000000458702.jpg,1789050407387,200,,37.42,yolo26n_int8,true,10.54,8.87,0.01,3
../../val2017/000000458410.jpg,1789050407402,200,,55.94,yolo26m_fp16,true,14.97,16.21,0.01,11
../../val2017/000000460333.jpg,1789050407443,200,,40.60,yolo26n_int8,true,10.63,11.34,0.01,4
../../val2017/000000459757.jpg,1789050407447,200,,58.38,yolo26m_fp16,true,15.63,21.61,0.01,1
../../val2017/000000460682.jpg,1789050407480,200,,32.71,yolo26n_int8,true,14.76,6.28,0.01,1
../../val2017/000000460494.jpg,1789050407494,200,,49.94,yolo26m_fp16,true,16.76,14.72,0.01,8
../../val2017/000000460683.jpg,1789050407536,200,,55.07,yolo26m_fp16,true,16.56,17.96,0.01,6
../../val2017/000000460927.jpg,1789050407540,200,,44.78,yolo26n_int8,true,20.86,8.06,0.00,1
../../val2017/000000461751.jpg,1789050407590,200,,49.41,yolo26n_int8,true,15.11,11.52,0.01,2
../../val2017/000000461573.jpg,1789050407599,200,,62.43,yolo26m_fp16,true,20.35,20.55,0.01,1
../../val2017/000000462629.jpg,1789050407637,200,,37.52,yolo26n_int8,true,15.24,6.22,0.01,6
../../val2017/000000462614.jpg,1789050407657,200,,66.30,yolo26m_fp16,true,21.42,15.18,0.01,7
../../val2017/000000462728.jpg,1789050407686,200,,48.16,yolo26m_fp16,true,15.51,15.23,0.01,3
../../val2017/000000463037.jpg,1789050407695,200,,37.16,yolo26n_int8,true,15.37,6.35,0.01,1
../../val2017/000000463618.jpg,1789050407733,200,,36.37,yolo26n_int8,true,13.82,6.25,0.01,4
../../val2017/000000463522.jpg,1789050407754,200,,67.36,yolo26m_fp16,true,24.67,15.29,0.01,10
../../val2017/000000463802.jpg,1789050407774,200,,41.21,yolo26m_fp16,true,12.70,15.20,0.01,3
../../val2017/000000464358.jpg,1789050407787,200,,31.96,yolo26n_int8,true,13.89,6.23,0.01,2
../../val2017/000000465585.jpg,1789050407822,200,,34.66,yolo26n_int8,true,13.78,6.23,0.01,2
../../val2017/000000465430.jpg,1789050407838,200,,62.41,yolo26m_fp16,true,22.04,15.14,0.01,6
../../val2017/000000469067.jpg,1789050407863,200,,40.38,yolo26m_fp16,true,12.03,15.19,0.01,4
../../val2017/000000469192.jpg,1789050407875,200,,36.80,yolo26n_int8,true,13.79,6.27,0.01,8
../../val2017/000000470924.jpg,1789050407913,200,,48.23,yolo26m_fp16,true,12.56,17.88,0.01,53
../../val2017/000000471991.jpg,1789050407916,200,,39.49,yolo26n_int8,true,14.11,8.11,0.01,1
../../val2017/000000472623.jpg,1789050407959,200,,45.17,yolo26m_fp16,true,12.24,20.17,0.01,4
../../val2017/000000473015.jpg,1789050407959,200,,42.72,yolo26n_int8,true,15.17,10.02,0.00,1
../../val2017/000000473821.jpg,1789050407989,200,,29.80,yolo26n_int8,true,9.34,8.96,0.01,4
../../val2017/000000473121.jpg,1789050408003,200,,44.02,yolo26m_fp16,true,15.04,16.25,0.01,2
../../val2017/000000473974.jpg,1789050408041,200,,50.41,yolo26m_fp16,true,13.11,17.82,0.01,4
../../val2017/000000474164.jpg,1789050408042,200,,37.74,yolo26n_int8,true,8.44,9.00,0.01,3
../../val2017/000000474452.jpg,1789050408072,200,,29.44,yolo26n_int8,true,11.29,6.21,0.01,5
../../val2017/000000474293.jpg,1789050408102,200,,60.27,yolo26m_fp16,true,19.08,15.06,0.01,3
../../val2017/000000474786.jpg,1789050408119,200,,47.11,yolo26m_fp16,true,19.70,15.60,0.01,7
../../val2017/000000474881.jpg,1789050408138,200,,34.99,yolo26n_int8,true,10.39,6.33,0.01,4
../../val2017/000000475572.jpg,1789050408166,200,,45.78,yolo26m_fp16,true,15.48,15.21,0.01,4
../../val2017/000000476491.jpg,1789050408180,200,,41.23,yolo26n_int8,true,22.85,6.35,0.01,1
../../val2017/000000476514.jpg,1789050408222,200,,54.75,yolo26m_fp16,true,16.14,15.04,0.01,4
